static const char kernel_config_data[] __used = MAGIC_START
	"\x1f\x8b\x08\x00\x00\x00\x00\x00\x04\x03\xa5\xbd\x5b\x73\xe3\x46"
	"\xb2\x2e\xfa\xbe\x7f\x05\xc3\x2b\x62\x87\x27\xce\x78\x2c\x5e\x44"
	"\x51\xb3\xa3\x1f\x40\x00\x24\x61\x01\x24\x04\x80\x14\xd5\x2f\x08"
	"\x59\x4d\xdb\xda\xd3\x2d\xf5\x96\xd4\x33\xf6\xfe\xf5\xe7\xcb\xac"
	"\x42\x21\x0b\xa8\x02\x7b\x9d\xe3\xb5\xc6\x16\x91\x59\x59\x59\x59"
	"\xf7\xac\xbc\xfc\xd7\xff\xf8\xaf\x51\xf0\xed\xfd\xe5\xcb\xc3\xfb"
	"\xd3\xe3\xc3\xe7\xcf\x7f\x8d\x7e\x3f\x3d\x9f\x5e\x1f\xde\x4f\x9f"
	"\x46\xbf\x3d\x7d\x3e\xfd\xaf\x51\xb4\x1b\x6d\x77\xd5\x28\x8e\x92"
	"\xea\x1f\x40\x4e\x9f\x9e\xbf\xfd\xf9\xf3\xc3\xeb\x97\xf9\x6c\x34"
	"\xfb\xc7\xf8\xfa\x1f\xe3\xf1\x74\x74\x73\x7a\x7d\x3e\x7d\x1e\x85"
	"\x2f\xcf\xbf\x3d\xfd\xfe\x0d\xa5\x9f\x5e\x9e\xff\xc7\x7f\xfd\x0f"
	"\xfc\xff\x7f\xe1\xe3\x97\xaf\x20\xf4\xfa\xcf\x51\xf0\xfc\xe9\xf5"
	"\xe5\xe9\xd3\xe8\xc7\xf9\xd5\x7c\x7e\x71\x31\xfb\xfb\xe8\xd7\x87"
	"\x37\xd4\xf3\xf2\x3c\x7a\x9d\x5e\x5f\x8f\xe7\xd3\xbf\x8d\x1e\x3f"
	"\x3f\x3c\xff\x3e\xfa\xf7\xe9\xf5\x0d\x24\x46\xe3\xf1\x3f\x2e\xfe"
	"\x31\x1b\xfd\xf8\xc7\xfb\xfb\xd7\xb7\x7f\xfe\xfc\xf3\x83\xa2\xf0"
	"\x8f\xdf\x5f\x5e\x7e\xff\x7c\x7a\x7b\xf9\xf6\xfa\x78\xfa\xc7\xe3"
	"\xcb\x97\x9f\xdf\x5f\x5e\x3e\x3f\xfe\xf1\xf0\xf4\xfc\xf3\xe7\xcf"
	"\xff\xfe\xf2\xd3\xd7\xd7\x97\xff\x7d\x7a\x7c\x1f\x2d\xae\x7e\x1b"
	"\x4f\xc7\x97\x9f\x7e\xfb\xf5\xf4\x70\xf5\x38\x9e\x5e\x3d\x3c\x4c"
	"\x4e\xf3\x4f\xd3\xf9\xe4\xd3\xaf\xbf\xce\x2e\xaf\x4e\xd3\xc5\x62"
	"\x7c\xb9\xf8\xf4\x37\x70\x1a\xee\xb6\xab\x64\x5d\xaf\xc3\xb0\x3e"
	"\xc4\x45\x99\xec\xb6\x1f\x2e\x9a\x8f\xf8\x96\x94\x75\x98\x06\xdb"
	"\xf5\x87\xbf\xcc\x47\xfa\x69\x70\xc7\xe3\x0b\x34\xc9\xc0\xc2\x7a"
	"\x13\x94\x75\x50\x66\xf5\x7a\x57\xed\xda\x42\x49\x71\x5b\xdf\xed"
	"\x8a\x9b\xf6\xcb\x72\x9f\xa4\x51\x95\x64\x71\x1d\x1f\xab\x60\x99"
	"\xc6\x75\xb9\x2b\xaa\x16\x5e\x6d\x8a\x38\x88\xea\x64\xbb\xda\xe1"
	"\x5f\x75\x15\x94\x54\x98\x45\xbb\xe6\xae\xfa\x3c\x7a\x3b\xbd\x7f"
	"\xfb\xda\x36\x21\xd9\x26\x55\x1d\x6f\x0f\x75\x50\xac\xeb\x34\xc9"
	"\x92\xea\xc3\x74\x42\x3d\xa1\x5a\x18\xee\xb2\x3c\x41\x35\x55\x5c"
	"\x56\xa3\xa7\xb7\xd1\xf3\xcb\x3b\x51\x68\x58\x4f\x77\x61\x90\x36"
	"\x12\xf8\xe1\xa7\xaf\xa7\xd7\xdf\x7e\x70\xc1\xea\x60\x2f\x1b\xc6"
	"\xcd\xa8\xcb\x20\xad\x3e\xfc\x60\xf0\xa3\x78\x15\xec\xd3\xaa\xde"
	"\xec\xca\x6a\x1b\x64\xf1\x87\x1f\x7e\x7c\x7e\x79\x3e\xfd\xcd\x20"
	"\x94\x77\x41\x8e\xd6\x18\xde\xca\xfb\xf2\x90\xe4\xa1\x64\xcb\xc0"
	"\xf2\x5d\x99\x1c\xeb\xec\x76\x1f\xef\x63\x89\xd0\x34\xab\xd8\x95"
	"\x65\x9d\xc5\xd9\xae\xb8\xaf\x83\xaa\x0a\xc2\x8d\xa4\xbc\x2f\xe3"
	"\x34\x59\x3a\xca\x05\x7b\x8c\xec\x56\xdc\x9b\xe0\x10\x43\x70\xe1"
	"\x06\xed\x03\x00\x0c\x41\x1c\x69\x0b\x1f\xf8\x5a\xdf\x05\x15\x57"
	"\xaa\x39\x62\xd4\xba\x2a\xe2\x18\xc5\xb9\xc3\xd0\xfb\xa3\xb7\x6f"
	"\xbf\xbe\xfd\xf5\xf6\x7e\xfa\xd2\x76\xd8\x3a\xde\xc6\x45\x82\x31"
	"\x86\xc1\x91\x17\xbb\x25\xe1\x37\xc3\x51\x80\xca\xcd\xee\xce\x0f"
	"\xa9\xd3\xf8\x10\x0b\x46\x25\xd1\x78\xb5\x8a\xc3\x2a\xa1\x96\xad"
	"\x56\x75\xa6\x86\x90\xa3\x86\x2c\x59\x17\x41\x45\x43\xdf\x30\xb0"
	"\x09\x8a\x08\x7c\x95\x75\x79\x57\x17\x71\x19\x6f\xa3\x16\x46\xfc"
	"\x46\xbb\x2c\x48\x04\x7e\xfb\xad\xde\x24\x71\x41\x92\xbc\x6f\x4b"
	"\x34\x4c\x65\x65\x42\xad\xf5\x02\x7a\x64\x37\xc1\x36\xc2\x98\x55"
	"\xb5\xd9\x45\xa9\xc6\xd5\xae\x08\xe3\xa8\x56\x73\x25\x91\xb3\xb4"
	"\xcc\x83\xa2\x8c\x75\x09\x33\x96\x1a\x3e\x98\xdb\x78\xb9\x5f\xaf"
	"\x4a\xc7\xd0\x90\x58\x19\xc6\x71\x82\x49\x4d\x6c\x14\x2d\xdf\x3c"
	"\x52\x42\xcc\x99\x9b\x72\xb7\x07\x0f\x75\x14\x54\x41\x0b\x6e\x28"
	"\xf0\xfc\x3e\xf4\x06\x53\x03\x66\x02\xe8\xbe\x6d\x55\xb6\x65\x99"
	"\x34\xad\x22\x55\x12\xde\xd4\xcb\x62\x17\x44\x61\x50\x8a\xa1\xea"
	"\x28\x6d\xa1\xf1\x90\xab\x9e\xbe\x60\x31\x75\x8d\x3a\x26\xbb\xdb"
	"\xc6\x18\x56\x82\xe8\x76\x57\x6f\x3e\xd6\x58\x23\x32\x1e\x05\x46"
	"\x62\xf8\x98\x63\x90\xee\xa2\xc4\x9a\x9d\x7a\x10\xa9\x52\x09\x64"
	"\x03\xfe\x4d\x19\xf5\x75\xb5\x4f\x53\x87\x70\x19\xd8\xb6\x76\x93"
	"\xac\x37\x34\xc0\xd0\xda\x0c\xcb\xaf\x24\x93\x63\x06\x65\x79\x55"
	"\x6f\xc1\xac\x24\x64\xea\x69\x10\x0e\xbb\x74\xbf\xad\x82\xe2\x5e"
	"\x62\x69\x0e\x35\x4e\x5b\x61\x53\x28\xdc\xa1\x0c\x3e\xb3\xb4\xc2"
	"\x7c\xff\x73\xf5\xf0\xf6\xaf\xd1\x3b\xc4\x36\xc2\x76\x33\x7a\x7b"
	"\x7f\x78\x7f\x1b\x3d\x3c\x3e\xbe\x7c\x7b\x7e\x7f\x7a\xfe\xbd\x9d"
	"\xb5\x2c\x3f\x14\xa8\x83\x90\x69\xa8\x61\x67\x98\x3a\x24\x45\x55"
	"\xdb\xe0\x1a\x3d\xe6\x60\x8d\x06\x21\x0f\x10\x8b\x90\xe6\xbb\x0c"
	"\x37\x18\xd8\x77\xb4\xae\x8a\x39\x89\x99\xac\x00\xc1\x61\xdd\x1d"
	"\xdb\xcb\x32\xa2\x55\x24\x8c\xb1\x1c\x82\xa2\x6b\x8d\xa7\x4d\xa4"
	"\xac\x02\x1e\x6d\x86\x61\xfa\x58\x47\x71\x1a\x60\xf9\xf4\x17\xab"
	"\x8f\x04\x6c\x79\xe1\x52\xc9\xce\x16\x42\x23\xf3\x32\x01\xa2\xa9"
	"\x20\xc7\xa4\x6f\x76\x84\x28\x29\x69\xaf\x8b\xa4\x38\x2c\xc4\x55"
	"\x55\x04\xa1\xd5\xdd\x9a\x28\x89\x34\x29\x77\x69\xb3\x4e\x71\xbf"
	"\x15\xe1\x7e\x54\xf6\x17\xd6\xa6\x8f\x01\x6e\x39\xc6\x0f\x6c\xb5"
	"\x18\xcc\xa2\x15\xa5\x85\x41\x4b\x76\xdd\xf9\x44\x12\xab\x2d\x2c"
	"\xa2\x03\x21\xa6\x69\x3b\x5b\x34\x8b\x04\xd9\xc6\xe8\xb6\x32\x5e"
	"\x87\xcb\x34\x91\x93\x96\x60\xab\x60\xbb\xdb\x57\x1f\xe6\xe6\xb8"
	"\xd0\x7e\xc4\x2a\x1e\xac\x3e\x8c\xe7\xcd\xfa\xaf\x20\x25\x0d\x7e"
	"\xcc\x4b\x29\x4d\x82\x2c\x77\xd8\x58\xa5\x08\x25\x03\xbb\x70\x49"
	"\xe3\xaf\x6d\xb8\xda\xa2\x97\xc9\x76\x12\xb6\x1f\x93\x1b\x55\xa6"
	"\xff\x85\x07\x91\xac\x31\xb9\xd9\xe0\x24\x82\xc9\xe9\xa8\x31\xdd"
	"\xad\xeb\xe5\x7e\x55\x97\x9b\x64\x55\x7d\x98\x8c\xdb\x5e\x07\x79"
	"\xf4\x56\x5c\xaf\xd2\x7d\xb9\xa9\x77\x5b\x1c\x06\xaa\x3c\xdd\xaf"
	"\x3d\x44\xa8\x7b\xb3\xe0\x28\x88\x8d\xaf\x1a\x61\xe4\x45\xb2\xad"
	"\x6e\x70\xc8\x58\xc5\xb5\x5d\xe1\x78\xda\xe0\x34\x8b\xa2\x9a\x1e"
	"\xbc\xb0\xa2\x0d\x3c\x48\xca\xc7\x3f\x4e\x9f\xbe\xe1\x28\x3a\xfa"
	"\xed\xf4\xf0\xfe\xed\xf5\xf4\xa6\xe6\xbc\x3a\x16\xed\x71\xbc\xcb"
	"\x72\x3e\x5f\x39\x58\xe3\xc5\xb8\xdc\xe7\x39\xce\x66\x65\xbd\xdd"
	"\x67\x41\xbd\x0c\x70\x00\x0c\xad\xcd\xc6\xc6\x02\xb3\xe3\xc9\xa2"
	"\x15\x6c\xb8\x2e\x76\xfb\x5c\xac\xf0\x79\xb0\x8e\x31\x78\xb0\xfe"
	"\xc8\x2d\x05\x47\x98\x50\x1c\x33\xf9\x27\x76\x5f\x3e\x28\xe9\xfe"
	"\x6d\xbf\xe1\x9c\xc7\xf3\xa8\xad\x45\xc1\x6e\xf0\x9f\xf6\xdb\x32"
	"\xbd\xa9\x55\xed\xf8\x66\xa6\x59\x44\x1b\x5f\xdd\xc2\x1c\xcd\x56"
	"\x85\xea\xbb\x22\xa9\xe2\x65\x10\x8a\x63\xab\x86\xb0\x98\xdb\x8a"
	"\x56\x41\x52\xd4\xdc\x4c\xb5\x3e\xc9\xea\xc2\x55\x09\x99\x6d\xa3"
	"\xbb\x24\xaa\x36\x8e\xba\xb0\x5c\xfa\x4a\xaa\xef\x79\x12\x59\x43"
	"\xcf\x34\x44\xf3\x52\x44\x59\xe0\xa0\xab\xa1\x2b\x4c\xea\x8f\x52"
	"\xce\x18\x69\x65\x2c\x37\x5c\x5a\x34\x6b\x54\x42\xb3\x06\x10\x8b"
	"\x77\xc5\x41\x14\x1f\x12\xf7\xa2\xa4\xe0\x28\xa8\x57\xc7\x2e\x6f"
	"\x58\x6e\x56\x7e\xde\x96\xf9\xca\x59\x1b\xfa\xc7\x51\xa8\xc4\x69"
	"\x43\x77\x67\xe7\xb8\xa1\x07\xfd\xae\xc0\xb0\xaa\xc4\x59\x90\xce"
	"\xde\x38\x08\x61\x4b\x68\xbb\x6a\x4f\xe3\xd8\xda\x67\xd1\xe8\x02"
	"\x9f\x64\x8d\xa6\x19\x24\x16\x1b\xa4\x87\xe2\x36\xc6\xda\x64\x91"
	"\xc1\x86\x15\xde\xe4\x3b\x8c\x7e\xda\xcf\x2b\x30\x23\x29\xea\x62"
	"\x7a\xf7\xc2\x15\x82\x25\xd7\xb2\xa5\x00\xd5\x7e\x6b\x9d\x24\x70"
	"\x72\xc2\xe8\x89\x62\x2c\xe8\x61\x50\x79\xb6\x8d\x82\xf6\x2e\x47"
	"\x5d\x34\xc2\xd1\x73\xb8\x3d\x25\x55\x21\x8f\xaf\xf4\x3b\xc8\x40"
	"\x58\x9d\xdd\xe8\xe2\x62\x1a\xcc\xc8\x0c\xe4\xb3\xa5\x83\x6c\x11"
	"\xd5\xeb\x8f\x09\x5d\x5f\x74\x9b\xf0\x61\x89\x0f\x13\xeb\x4b\xfa"
	"\x31\xa3\xf3\xa0\xa1\x0b\xa4\xe3\x47\x49\x4d\x42\xd2\x8f\x3b\x3f"
	"\x68\x26\x41\xba\x4a\x5c\x4c\x77\x39\xce\x0e\xc9\x47\x2c\xb0\xbb"
	"\x82\x8e\x68\xf8\x4f\x86\x75\xc9\x12\x5f\x17\xad\x04\xbe\x83\x1a"
	"\x9d\x4f\xe5\xb0\xe1\xbb\xd0\x3e\x89\xc6\xf3\xb6\x49\x0a\x07\x1b"
	"\x68\x18\xa3\x62\x2c\xe7\xbc\x4f\xb7\x70\x35\x94\x35\x7b\xdd\x6d"
	"\xb6\x43\x8b\xcf\xd4\x34\xea\xa4\x80\xca\x75\x5c\xd1\x0d\xa5\xd6"
	"\xa7\x65\x37\x9f\xd4\x69\xe6\x6a\x66\x44\xa8\x99\x73\x94\x34\x28"
	"\x2b\x75\x84\x77\x50\x55\xf7\x4b\x73\xfc\xd4\x4d\x50\x7b\x4e\xdb"
	"\x3e\xbd\x07\x6d\x33\x3a\xda\x68\x1c\x4c\xd3\xf6\x47\x9c\xae\xb0"
	"\xa6\x17\xe2\x0e\xb7\x0c\x70\x01\xa1\x53\x70\x8b\xb4\xda\x57\xf1"
	"\xb1\xf3\x13\x4b\x4f\xfb\x25\xce\x77\x12\xbf\x4c\xd6\xdb\x20\x5d"
	"\x89\xc1\xcb\x7c\xca\x0f\x7c\x7d\x90\x1f\xca\x8d\xb5\x07\x04\x89"
	"\x50\x43\x04\xd1\x21\x01\x53\x5a\x50\x62\x55\x40\x91\x65\x50\x14"
	"\xb8\xb9\xb5\xbc\xdc\xe0\x8c\x53\xde\x67\x02\xab\xf9\x52\x5b\x57"
	"\x63\xf3\x95\x1b\x4c\xb3\x91\xae\x9c\x2d\x1d\x0c\x8d\xa6\x46\x7c"
	"\x34\x3d\x42\x03\x80\xd5\x04\x2b\xeb\x34\xa8\x65\x6b\x6e\x41\x2d"
	"\x67\x20\xb2\x0d\x3b\x32\xc6\x1d\x8f\x6e\x93\x86\xa8\xda\xdb\xe8"
	"\xab\xa3\xa7\xd1\xc6\x38\x8a\x62\x21\x4d\x1e\xe9\x34\x79\x6a\x73"
	"\x0b\x33\xa4\xf2\x70\x7c\x61\xcd\x3d\x3e\x35\x68\x95\x57\x0e\xf5"
	"\xc8\xcb\xeb\x97\x87\xe7\xc7\xd3\x28\xfe\xf7\xe9\x19\x77\x05\xa8"
	"\xb9\xa0\xf4\xc2\x6d\x01\xf7\x2e\xa0\x36\xe3\xc8\x43\x9c\x3e\xf3"
	"\xc2\x5b\xe2\xa6\x6d\x4d\x4a\xc3\x80\x6a\x0b\x73\x07\xcc\xfa\x90"
	"\x41\xea\x3b\xd7\x2d\xec\x90\x29\xf6\x9b\x33\x85\xb5\x2c\x97\xe9"
	"\x7e\x89\x65\xb0\xb3\xa5\x98\x4a\x18\x0c\x19\x87\x6b\xea\x23\x4c"
	"\xaf\x9d\x75\x55\x31\x78\xa4\x3d\x0a\x2a\xdc\x33\x6f\xa4\x60\x0d"
	"\xb8\x4c\x03\x97\x92\x85\xa8\xcb\xee\x29\xd3\x9d\x1b\x2d\x58\x42"
	"\x85\x53\xe0\x58\xa4\x2f\x0a\xed\xe8\x21\xca\x35\x6d\xe2\x74\x9e"
	"\xae\x0b\x1c\x24\x76\xe2\x84\x63\x43\x49\x69\x01\xc5\x89\xe8\x60"
	"\x6e\x1e\x9d\x2d\xa1\x0e\xa8\x92\x40\x4c\x45\xb4\xb6\x8a\x33\xde"
	"\x48\x49\x99\x97\xac\x12\xec\x30\x96\x0a\x04\xe7\x82\x55\x92\x5a"
	"\x07\x3d\x5e\xf4\x78\x8f\x13\xb3\x22\x28\xb2\xf9\xac\x65\x78\x3e"
	"\x5b\x4a\xc5\x52\x96\x89\xa3\x38\xa3\x82\x17\x34\x54\x9d\x98\xc7"
	"\x93\x66\xa0\x28\x10\x46\x4d\xa5\x41\xe6\x96\xc0\x53\x21\xcb\x82"
	"\xbc\x2e\xb6\xd8\x6a\xa0\x9c\xaa\x33\xa8\x5e\xc6\x8b\xb6\x28\xd4"
	"\x56\x1d\x84\xe0\xf8\x61\xe2\xa1\xd0\x74\xa5\x21\x34\x76\x13\xb2"
	"\xf0\x40\xaf\xbd\x9d\xe0\xfa\x13\xde\xb0\x2c\x6a\x7d\x36\x6e\x9b"
	"\x9f\xa4\x69\xbc\x0e\xd2\x9a\xa5\x84\x83\xc5\x21\x48\xf7\xf1\x87"
	"\x8b\x3f\x3f\x9d\x1e\x3e\x41\x55\x6a\xfe\x69\xea\x24\x1d\x0a\x36"
	"\xf8\x3e\x21\x45\x1f\x97\xe4\x55\x1a\xac\xb1\xec\xab\x43\x78\x5b"
	"\x51\x71\x57\xa2\xff\x8e\xe1\x66\x1d\x44\x11\x56\xa4\xf5\x0e\xa7"
	"\xd5\x8d\x18\x1b\xcd\x95\xc0\x5a\xa6\xc5\x47\x1c\x53\xd4\x52\xd5"
	"\xf0\x2a\xfa\xb4\x41\xdb\xdc\xc5\x50\x50\x88\x1b\x63\x03\x08\xcb"
	"\xbd\xa3\x2a\xe8\x0c\x93\x25\x54\x69\x34\x8e\x71\x28\x01\xb3\x66"
	"\x86\x7c\x84\x16\xa3\xc6\x49\x75\x3a\x91\x13\x48\xaf\x12\xbc\x0e"
	"\x35\xa4\xd7\x7b\x71\xb8\x28\x33\xf1\xe3\x26\x2e\xb6\x71\x5a\x67"
	"\xbb\x28\xc6\x45\x53\xaa\xeb\x56\x50\x91\xc6\x41\x91\xde\x83\x20"
	"\x29\x43\x5b\x31\xe5\x6b\xa5\x5d\x66\x35\x61\xf9\xc1\x5c\x98\xec"
	"\x3b\xcb\x9e\xf5\x8f\x42\x00\x0c\xe6\x93\x31\x2e\x8a\x38\x57\x62"
	"\xdf\x22\x29\xf0\x1a\x98\x7f\x7e\x78\xa7\xd5\x0f\xea\xe3\xcf\x50"
	"\xb7\x2b\xa5\xbf\x69\x28\x97\x0c\xa0\x76\xc4\x05\x50\x36\xd5\x46"
	"\x28\xf7\xdb\x63\xe2\x07\x07\x69\x9e\x78\xb4\x3e\x4c\x7f\x19\x66"
	"\x93\xc5\xf4\xd2\x4f\x00\x08\x75\x42\xfc\x0f\xa0\xc4\x05\x66\xf7"
	"\x00\xbc\x08\xb3\xb2\xb2\xd6\x2b\xbb\x0d\xf1\xf1\x7e\xbb\x1b\x68"
	"\xe3\xcd\xd4\x4f\x1c\xa3\x03\x37\xea\x30\xc8\xdd\x6b\x3f\x37\x32"
	"\x5d\x8f\xdd\xab\x2d\x43\x37\x49\x39\x20\xc0\x0c\x0f\x37\x18\x87"
	"\x03\xe5\x71\x35\xf0\xac\xf5\x4c\x3e\x3b\x60\xcf\x90\xfc\xeb\xa1"
	"\xca\xc0\x5b\xac\x0d\x72\x70\xf3\xc7\x9b\xdd\xd6\x75\x0f\x63\x58"
	"\x9a\xc8\x47\x03\xf5\x29\x58\xef\x6c\x5d\x23\x7f\x5e\xc6\x5b\x2c"
	"\x1f\xb2\x62\x5b\xe8\x65\xb8\x5f\x5a\xd5\x74\xc0\x51\x86\x47\x26"
	"\x7f\x71\x3c\xaa\xa4\x83\x62\xc1\x90\xb9\x09\x37\x49\xee\x27\x51"
	"\xc6\x78\x66\x48\x07\xfa\x0d\xe7\x94\x5b\x5c\x08\xe3\xc2\x4f\xa3"
	"\xc0\x36\x55\x06\x03\x63\xa7\xc4\xf2\x57\x25\xc7\xf1\x40\x53\xaa"
	"\x18\x5a\x7b\x7f\x15\x65\x5e\x58\x07\x2b\x5b\x4e\xd5\x66\xbf\x85"
	"\x4e\xc7\x5f\x5c\x23\x58\xab\x95\x4d\x62\xbf\x4d\x72\xd2\xf5\xfb"
	"\x69\x1c\x70\x11\xc0\x5d\x70\xa0\x99\x47\x5a\xf4\xfc\x04\x3e\x1e"
	"\x07\x60\x90\x72\x66\x75\x13\x2f\x4e\xcb\x6f\xa4\xf5\xfe\xfa\xf5"
	"\xe5\xf5\x5d\x9c\xc2\x42\x71\xc6\xce\x43\xe8\x23\xf9\xf9\x42\xac"
	"\x77\xe2\x23\xa9\x6b\xe9\x5d\x46\xac\xa1\x28\xa1\xcf\xcc\x72\xd4"
	"\xa3\x0c\xce\xeb\x45\xb5\xdc\x5b\x2d\xd4\x13\x85\x28\xe2\xbd\xc3"
	"\xa6\xa2\x1f\x40\x7a\xef\x1c\x84\x7c\xbb\x4f\x8a\x1b\x62\xc9\x88"
	"\x99\x99\xf2\x1e\xdd\x08\x5a\x56\x7b\xf7\x02\x45\xc0\x64\x77\x70"
	"\x8a\x8f\x60\xb8\xcf\xf8\x61\x41\x99\xb8\x87\x8e\xd6\xe1\xd5\xa0"
	"\x20\x4b\xab\x5d\x01\xdf\x1e\x5f\x9e\xdf\x5f\x5f\x3e\x93\xae\xed"
	"\xd3\xeb\x13\x3d\xe7\x02\xc4\xd0\xf0\xe1\xd3\x89\x0e\xcb\x28\x79"
	"\x12\x68\xb2\xaf\x64\xb3\xa1\xc8\x80\xca\x11\xd7\x59\x7e\x43\x94"
	"\x75\x49\xac\x7a\x55\x81\x1e\x5e\x60\xbd\x08\xf4\x02\xd9\xf4\xa7"
	"\x0f\x29\xae\x8f\x74\xcc\x73\x0f\x35\x92\x95\x7f\x90\x12\x94\xab"
	"\xd0\xb3\x05\x17\xf1\xcc\x57\x8d\x8d\x08\x7d\x86\x1f\x33\x2b\x2d"
	"\x18\x0b\x30\x3a\xbd\x3d\xfd\xfe\x7c\xf7\xf0\xca\x32\xc4\x4d\x03"
	"\x7f\x94\x66\x9c\x4b\xa9\xe0\x98\x71\x57\xe7\x38\xda\x0c\xcb\xce"
	"\xbb\x7f\xa0\x51\x71\x4d\x2b\xbc\xaf\x25\x71\x7d\x93\x40\x25\x2b"
	"\xc1\x66\x04\xc4\xcf\x9f\xbe\xbe\x3c\x3d\xd3\xdc\x93\x3c\x41\x5f"
	"\x19\xf1\x89\xd0\x59\xe8\xed\x3f\x4f\xef\x8f\x7f\x88\x61\x21\x46"
	"\x8f\x45\x05\x8f\x91\xe5\x5d\x82\xd7\xd6\x2a\xb6\x36\x76\xae\x4d"
	"\x5f\xcd\x56\xad\x92\x97\x3f\xe3\x60\x3d\x3a\xbd\xc2\x38\xe1\x61"
	"\xf4\x9f\x97\xd7\x7f\x3d\xbc\xe2\x8e\xf6\xe9\x6d\xf4\xef\xa7\x87"
	"\xd1\xfb\x1f\x78\xec\xf9\x8c\x0b\xdb\x33\x4c\x17\xfe\x7d\x7a\x1b"
	"\xfd\xf6\xfa\xf0\xe5\x44\x58\x28\x69\xf6\x3b\x9c\xee\xeb\xb8\xc0"
	"\x72\xbc\xcf\xea\xc5\x64\x3e\x1d\x5f\xb7\x73\x5a\x9d\xda\x5b\xe8"
	"\xd5\x20\x74\x76\x31\xf7\x97\x1d\x5f\xcf\xae\x84\x0e\xa9\x43\x79"
	"\x3a\xb9\xb8\xba\xf4\xd6\x0b\x9b\x86\x01\xae\x66\xd3\x99\x1f\x3a"
	"\xbe\x98\xcc\xae\xc6\x42\x5d\x6d\x57\x3c\x1e\x2f\x16\x8b\xab\xa9"
	"\xaf\xe6\xf1\x6c\x3e\x9d\x4c\xbc\x8c\x8d\x2f\x67\x93\x99\x24\x1e"
	"\x06\x87\x04\x62\x6c\x04\x36\x99\x4c\x65\xab\xba\x50\xd8\x70\x88"
	"\x8b\x55\x17\x7a\x35\xbb\x14\x0a\xaa\x0e\x74\x7a\x31\x1e\x0b\xb6"
	"\x68\x38\xe3\xfd\x25\xbd\x81\xb2\xac\xa9\x1c\xeb\x86\x68\x97\x07"
	"\x43\xf4\x17\x63\xdc\x46\xab\xc9\xec\xe2\xc2\x10\xb9\xb8\x98\x8b"
	"\x6a\xa0\xa2\xc5\xb1\x17\x47\x65\xd2\x55\xa8\x33\x00\x56\xda\x18"
	"\x37\xad\x56\x80\x34\xef\xd2\x84\xce\xe9\x86\x91\xf9\x18\x76\x31"
	"\x8b\x0b\xd1\xfb\x2e\x6e\x62\xe8\x23\xc6\x2d\x1d\xd5\x4f\xb3\x1b"
	"\xbe\x4e\x5a\xdb\x86\x82\x8c\xe7\x1a\x24\xa7\x9c\x99\x4d\x0a\x67"
	"\xde\x14\x97\x38\xd6\xc0\x3f\xe0\xc1\x83\x2e\x8a\x53\x12\x44\xa7"
	"\x74\x03\x9b\x2d\xce\x15\xff\x30\xbd\xb6\xe7\x53\xae\xc9\xce\x7a"
	"\x03\x4f\x43\x3e\xcc\x16\x6d\x75\x74\x81\x5f\xc2\x48\x07\x8b\x48"
	"\x12\x58\xeb\x8e\xe6\x55\x69\x8f\x33\xda\xb2\x0d\x8f\xea\x5b\x99"
	"\xb9\x1e\xca\xb6\x05\x2b\xfb\x3f\x98\x2b\x74\xb3\xb1\xa1\x26\x29"
	"\x61\xdc\xab\xd5\x43\x4b\x63\x60\xa2\xf1\xce\xe1\x14\x30\x47\x91"
	"\x2a\x30\x3e\xd9\xa2\xd2\x75\x0e\x6d\x1c\x1e\x87\x2e\x5a\x36\xe9"
	"\x4d\xc9\x21\xbe\x0d\xde\xce\x4a\x32\xfc\xa1\x7b\xa3\x6c\x16\x1e"
	"\xe4\x3b\x1b\x9e\x96\x01\x00\x93\xcb\x8b\x0e\xea\xd4\xb3\x37\x2a"
	"\x2a\xd6\xbe\x69\xc8\x7c\x00\x99\xa6\xb7\x94\x10\x37\xd0\x9d\xc8"
	"\x47\x20\x6e\x8e\x79\x15\xd3\x7a\x2a\x28\x35\x58\x41\xd5\x91\x0d"
	"\x59\x32\xa8\xc6\xe0\x5a\x0a\x1b\x1d\xba\xbc\x0a\x35\x8c\x22\xc5"
	"\xc6\x1a\x80\x6b\x69\x77\x48\x28\x5b\x0e\x02\xf7\xb4\x43\xaa\x78"
	"\x9c\xc2\xcc\xa5\xe9\x22\x57\x05\x50\x21\x54\x2e\xf2\xad\xd5\x4f"
	"\xbe\xda\x92\xaa\x22\x11\xba\xa3\x0d\x76\x51\x4b\x7b\xd7\x0c\xb6"
	"\x7b\xa3\x8d\x40\xd3\xf6\xd0\x5b\xa7\xcb\x95\x98\xe0\xcc\xd3\x5d"
	"\x00\x45\x0e\x01\xeb\x3c\xc3\x83\x30\x29\xf9\x3a\xad\x22\xc1\x84"
	"\xb0\x56\xc2\x9b\x26\xae\xba\x35\xe9\xe6\x25\x06\xed\x3a\x50\x17"
	"\x90\x92\x10\x07\x39\x87\x16\x89\x80\x0c\x80\xee\x03\x6a\xe2\x0c"
	"\x56\x24\x1f\xcc\x2c\x83\xe6\x9f\xdb\x86\x8a\xa3\xdd\x1d\xea\xc1"
	"\x73\x35\x6b\x6d\xda\x2a\xca\x18\xf6\x0b\xac\x5d\x30\x53\x06\xdd"
	"\x80\xf5\xb9\xb0\x66\x4c\x0f\xd8\xb5\x59\x90\x83\xd7\x20\xdf\xc4"
	"\x47\x7b\x87\x36\x90\xb0\x08\xf0\x1e\x1c\xed\xed\xa3\xbb\x01\x1f"
	"\x6d\x53\x09\xf3\x7d\x77\x93\xce\xea\xf5\xde\x6d\xbb\xc6\x4f\x35"
	"\xfc\x7c\x4c\xb3\x65\x07\x25\x60\xf1\x61\x6c\xb4\x5a\xfb\x2d\xe9"
	"\xce\xb4\xee\x04\xa7\xa2\x38\xa5\x59\xd2\x0c\x77\x56\x19\x42\xaf"
	"\x89\xb7\x93\x0d\xad\xd5\x30\x74\xc1\xdb\x55\x0f\x21\x4e\x27\x50"
	"\x13\x12\xc8\xea\x69\xea\xa5\xb2\x5c\xd2\xa8\x31\xac\xf2\x53\x01"
	"\xd4\xb5\x71\x86\x4b\x3e\x1e\xfc\xa5\x80\x74\xad\x6a\xf5\xad\x82"
	"\xf5\x1a\xd6\x02\x50\x5f\x15\x75\xb0\x14\x37\x05\x80\x0f\x0b\x0c"
	"\xf6\xe6\xd9\xab\xe5\xa6\xbc\xcb\xeb\x18\xef\x27\x1d\x55\x65\x98"
	"\x8f\x2f\xf1\xc8\xca\x0a\x7c\x17\x1c\xcf\x9a\x58\x3b\x2d\x88\x61"
	"\x57\xf1\x82\x93\x55\x55\x2d\x8b\x0b\xec\x26\xd6\x02\xdb\x1c\xa1"
	"\xfe\xbd\xf8\xc7\x78\xf4\xf0\xfa\xf8\xc7\xd3\x3b\x54\x3e\xb0\xf5"
	"\xfc\x2c\x5f\xd3\xad\x66\x61\xde\x04\xab\x68\x29\x74\x50\xaa\x0a"
	"\x50\x96\x62\x52\x1f\x53\x0c\xef\xa0\xda\x65\x49\x68\xdd\xa1\x3a"
	"\xdc\x1d\x36\xd6\x25\x51\x30\x35\xf9\x4e\xa6\xf6\x01\x3d\x83\x74"
	"\xc8\xe6\xe8\x23\x6f\xef\x60\x9c\x92\x69\xa6\xb0\x71\xd3\x92\xb2"
	"\x17\x76\x1a\x01\x58\x72\xf6\x30\x75\xc8\x53\xb9\xcf\x43\xbb\x08"
	"\x93\x4a\x56\xbe\xb5\xfd\xa7\xf4\xd7\xf4\x6c\x47\x8f\x25\xae\xef"
	"\x9a\x56\x11\xaf\xe9\x95\x4d\x3f\x1f\x71\x83\x97\x2f\xb0\xd8\x7c"
	"\xf9\x4a\xfa\x36\xf1\xc0\x10\x66\x11\xad\x1f\x1f\x7e\xc0\xd1\xf5"
	"\xe5\xe5\xeb\x5b\xfd\xe5\xf4\x05\x26\x0e\xa7\xd7\x7f\x9f\x3e\xcc"
	"\x32\xf1\xb2\xa9\x11\xa1\x4b\xc7\x51\x08\x16\x24\x55\x0a\xcb\x32"
	"\xfb\xf6\xae\xbb\xb1\xc1\x44\xeb\x95\xdd\x9f\x11\x5b\x03\xe9\xbd"
	"\x8d\x1a\x8c\x78\x65\xdd\x0c\xcd\x77\x65\x84\xa2\x24\x18\xe4\x39"
	"\xe8\x62\xe4\x47\xd5\xb2\x4e\x32\x6c\x1c\xb2\x13\x9c\x45\xf4\xec"
	"\xa5\x05\x8b\x14\x0a\x24\x1a\x7a\x84\x95\xe5\x34\xf3\xb2\xa2\xfd"
	"\xb6\x29\x80\xca\x14\x09\x39\x08\x6e\x8a\xfb\x1d\x96\xe7\x3d\x5b"
	"\xe6\x06\x30\xd2\xd8\x5a\xb7\xde\x86\x20\x44\xc5\x66\xb8\x6d\x6f"
	"\xc9\x3a\xa2\xaa\xc6\x56\x5f\x28\x6d\x6f\x23\x40\x7e\x2c\x01\x3e"
	"\xf7\x5b\xfe\xf2\x1f\xdc\x87\xf1\x56\xf4\xf0\xfb\xe9\x0b\x9e\x8a"
	"\xfa\x7d\x58\xee\x4b\x92\x48\x5b\x81\xfe\xc0\xef\x1e\xca\x78\xc1"
	"\x48\xa5\x01\x95\x37\x09\x94\xe6\x78\x11\x93\x32\x30\x58\x9b\x64"
	"\x09\x5d\x31\xaf\x12\x12\xae\xf9\xcb\xb3\xba\x4c\xe3\x58\x68\x96"
	"\x9b\x2f\xb5\xd2\x37\x1b\x3a\xf8\x4e\xf6\xbe\x8c\xed\x26\x74\x17"
	"\xdc\xd0\x40\x67\xc5\x45\x4b\xde\x7c\xd5\x86\xc8\xe2\xc0\x03\x92"
	"\x2d\x74\x6d\xb1\x6f\xca\xcb\x5e\x02\x7e\xef\xf9\xca\x20\xc2\x38"
	"\x5b\x18\xa7\x00\xb5\x51\xa2\xb7\x0a\x1e\xd3\x96\x3b\x58\xd9\xee"
	"\xee\xf0\x24\x01\xb3\xd8\x04\x77\x5c\x6c\xd0\xfa\x3c\xe1\x6e\x59"
	"\x87\x94\x43\x64\x5d\x8c\x1d\x99\x73\x68\xde\xf8\xd1\x49\xac\x81"
	"\xa4\x53\x5a\xdf\xb3\xee\xbe\x7b\xfc\x11\x9d\x05\x0e\x31\xba\x61"
	"\x21\xd7\x12\xd2\x87\x2d\x1e\x21\x12\xcc\x63\x0b\xb5\x8c\xd4\xf8"
	"\xca\xcc\xf8\x02\xc0\xc0\x92\x4f\x9f\x4f\xf8\x21\x78\xd2\xc6\x9a"
	"\x9d\x2f\x35\xbf\xc9\xe7\x64\x6a\x5b\xe0\xf1\xd6\x36\xc4\xa4\xa6"
	"\x50\x31\xd8\xb4\x1f\xea\x14\xdb\x95\x7b\xd5\x90\x58\x38\x8d\x88"
	"\x83\x34\xe6\x08\x97\x27\xdb\x43\xb6\x45\x61\xfe\xb0\x18\x8c\x88"
	"\x7f\xe2\x71\x14\x19\x75\x91\xe6\x0c\x50\x3a\xa3\x6b\x76\x4d\x83"
	"\x56\xaf\xa7\xff\xf3\x0d\x9a\xa4\xbf\x46\x6f\xf0\x5b\xb0\x0c\x33"
	"\x89\x4d\x3c\x14\x0a\xeb\xe2\xe6\x0b\x33\x0e\xa5\x6d\x01\xcb\x3c"
	"\xf1\x96\x63\x81\xb1\x52\x74\x4c\x5f\x0d\x98\xd8\x76\x0c\x11\x03"
	"\xa7\x37\x79\x71\x2a\x30\xdf\x1b\xa3\x47\x12\x9b\xcf\x42\x43\xf3"
	"\xdc\x8c\x44\xe6\x94\x47\x69\x09\x83\x74\x59\xa9\x19\xc6\x4e\xf2"
	"\xf4\x94\xcc\x96\x3e\xdf\x5f\x64\x87\x25\x18\x16\x23\xd6\x92\x37"
	"\x5c\x09\x7a\x06\xd5\x1c\xb0\xaa\xfc\x77\x58\xe3\x2b\xc4\xbe\x4a"
	"\x2c\x9d\xbe\x18\x7e\xd4\x65\xaa\xd9\x38\x6c\xb7\x46\x2c\x4e\x0c"
	"\x9a\xbe\x24\x98\x76\x76\x18\x69\x90\x90\x8d\x14\x3c\xf0\xa6\xc9"
	"\x1e\xb0\x6c\x9f\x8d\xc2\x06\x97\xf6\x27\xc3\xb6\x69\x1f\xe0\x66"
	"\x98\xfe\xd6\x1d\xa6\x2e\x8d\x16\x78\x67\x2a\x91\x35\xba\x64\x1f"
	"\x28\xf0\x3e\xcb\x2c\xfb\x26\x83\x41\x73\x84\xee\xc5\x78\x5d\xc1"
	"\x83\x04\x4d\x17\x2a\xe0\x1c\x02\x84\xca\x4a\x85\xa6\x52\xda\xfc"
	"\x24\xa6\x96\x77\x0f\x6f\x23\x7c\x0f\x1c\x40\xb5\x36\xa3\xe9\x86"
	"\x29\xd3\x23\x1d\x2d\xa6\x41\xb8\xc5\x43\xed\xad\x8b\x59\x96\xde"
	"\xea\xe9\xf5\xcb\x7f\x48\xcb\xe9\x5c\x11\xf2\x12\x1a\xd7\x15\xb1"
	"\x64\xc8\x11\x53\xfc\x99\x0d\xd0\xec\xa5\xc9\x42\x2a\xc3\x8c\xf4"
	"\xde\xf0\xcb\x09\x77\xd6\x60\xec\x60\xe5\xdf\x83\x85\x17\x58\x58"
	"\xba\x61\xc4\x76\xac\x95\x0d\xad\x55\x52\x64\x77\xb8\xf5\xd1\xb5"
	"\x14\xf7\x0f\x29\xea\x16\x07\x37\xb3\x95\x36\xbc\x90\x08\xba\x2f"
	"\xb8\xbf\xc0\x75\x3b\xf0\x9a\x2f\x35\x1b\x1c\x18\x3a\xe6\x33\xee"
	"\x7a\x5b\x3a\xd6\xa9\x27\x62\xff\xee\xa6\xef\xbd\x38\x06\x64\x61"
	"\x68\x69\x4d\xf0\x26\xb7\xc6\x50\x6a\xb8\x97\x5c\x71\xf7\x54\xa7"
	"\xdf\x5f\x1f\xe0\x22\xa6\x3b\x49\x69\xf9\x01\xd1\x2c\xa3\xcf\xeb"
	"\xea\x23\x59\xe9\xca\x2e\xa2\x3b\xe5\x1e\xb7\xd4\x8f\xbe\x03\x09"
	"\xfa\x10\xc7\xe8\xb0\xb8\xcf\xe5\x33\xa1\xfa\x4d\x97\xe7\xc9\xe5"
	"\x1c\xce\x39\xc0\x91\x54\x5b\xf0\xe5\x78\xa2\xc0\x92\x5d\xcd\x51"
	"\x8b\x35\x56\x38\x35\xdb\xc8\xf5\xa0\x9a\x82\x82\x1a\xc9\xb6\xa5"
	"\x4d\x1d\xc0\x90\xd5\x38\x50\xa7\x7d\x66\x7a\x58\x99\x46\x3a\x47"
	"\x2d\x9b\x19\xae\x65\xad\x36\xfb\x6b\xe8\x12\xe0\xb8\xa4\x84\x48"
	"\x8b\x63\xb7\xba\xb0\x08\xa7\x6d\x03\xfd\x84\x02\xe8\x9c\x1a\x39"
	"\xdb\x55\x18\x88\x4b\x7c\x12\x58\x87\x72\xc0\x6a\xf9\x59\x08\xb0"
	"\xcb\x6c\x47\x74\x0f\x81\xec\x1a\xc8\x38\xd9\xd5\x8a\x0d\xd4\x25"
	"\xc1\xe4\x82\x6d\x1f\x64\x23\xba\xcd\x6d\xab\x5b\xba\x6f\x95\x98"
	"\xb5\xb8\xc9\xdf\xc3\xda\x1c\x4e\x78\x92\x92\x6e\xf4\xe6\x8e\xfe"
	"\x80\x46\x61\x8b\xcb\x09\x29\x03\x78\xec\x37\x7e\x77\xe2\x1a\x7c"
	"\xfa\xe9\xd3\xe9\xeb\xe9\x19\x6f\x5b\xf2\x58\x6f\xf8\xb9\x51\x66"
	"\x15\xb2\x06\x03\xfb\x05\x2a\x10\x9c\xa6\x96\xb1\xb5\x16\x69\x06"
	"\x7a\xf6\x18\x3c\x63\xdb\x83\xeb\x1e\x66\x81\x50\xfa\x90\xf6\x20"
	"\x24\x8f\x8f\x56\xa0\x8c\xa8\xeb\xed\x7e\x2d\xe2\x4a\x31\xd4\x01"
	"\x58\x56\x8d\x7a\x6d\x80\x36\x84\x2d\x70\x36\xbb\x9d\xe8\x2e\x06"
	"\x92\xe6\x09\x7c\x56\xc9\x7a\xbf\xdb\x8b\xaa\x9b\xe3\x30\xee\x10"
	"\xea\xbc\xa7\xfc\xb2\xda\xca\x1a\x04\x3e\x0c\x92\xa5\x23\x9d\xc7"
	"\xa4\xb5\x0b\x9f\x75\x49\x31\x86\x83\x40\x95\xac\xee\x1b\x0b\x5d"
	"\x73\xaa\x36\x08\x28\xa8\x15\x7e\x2d\x79\xc1\xb9\x72\x9e\xc4\x23"
	"\xfa\x1e\x8a\xc1\xbb\x0d\xcc\xd8\x6d\x77\x0c\x46\xc5\x1d\x1b\xc3"
	"\x1d\x7a\x11\xd6\x8c\x69\x49\xd6\x81\xb4\xc7\x54\x78\xca\xc8\xb0"
	"\x19\x1b\xe4\x29\x68\x5d\x3b\x18\x09\x5a\x8f\x25\x8c\x0b\x94\x05"
	"\x74\x87\x27\x56\x23\x52\x6d\xae\xef\x74\x68\xd1\x1c\x90\x56\xac"
	"\x83\xc2\x0d\x6e\x87\x4a\x07\x4a\xce\x20\xca\xbc\x07\x1b\xbf\x38"
	"\x15\x69\x31\x81\x51\x74\xad\x72\x9c\x08\xb3\x9c\x6c\xa5\x3a\x04"
	"\x9a\x51\xa4\x25\x45\x96\x69\x1d\x0c\x5d\x0e\x4b\x3a\x94\x88\x1e"
	"\x58\xb4\xdb\xf7\xaf\x2c\xac\x01\xa5\xfb\x37\x54\x6e\xf0\xed\x24"
	"\x0b\x3c\xb2\x62\xc4\x01\x0e\xb7\xf7\x0e\x21\xe6\x57\x2b\x24\xb1"
	"\xf7\xc0\x42\x43\x68\xe0\x7c\xdf\x59\xec\xdc\x75\xb4\xa9\xb3\x6e"
	"\xae\x25\xcb\x0a\x50\xe8\x69\xc9\x52\xcd\x80\xd9\x95\xac\xc5\xb1"
	"\x81\xbe\xef\xa0\x51\xec\xa4\x6b\xa1\x62\xb6\xf1\x09\x49\xab\x5d"
	"\xd7\x43\xd8\x46\xa8\x36\xc9\x16\x48\x2d\x79\x2a\x41\x3e\x6d\xed"
	"\x17\xbb\x80\x4b\x67\x6b\x56\x8d\x1e\x50\xae\x2d\xd6\x08\xc5\x04"
	"\xa5\x87\x28\x9a\xc4\x37\x96\x11\x23\xcb\xcd\xe3\xa6\xd6\xf2\xc4"
	"\x58\x83\x2e\x6a\x8c\xc1\xac\xa3\x8e\x2d\x29\xe9\xe9\x4a\x4d\x3a"
	"\x6f\xc7\x30\x62\x3c\xd6\x87\xc3\x8e\xb5\x3b\xc8\xa1\xf3\xc2\xb6"
	"\x83\x15\x07\x97\xdc\x90\x2c\x31\x5b\x36\x94\x3a\xac\x64\x35\x38"
	"\x99\x58\x93\xcd\x5e\x0b\x55\x54\x49\x51\x47\x20\xb6\x0d\xb5\xd4"
	"\xe8\x2d\x8b\x96\x79\x64\x87\x80\x0d\x6b\xed\x2a\x1d\xa5\xf5\x78"
	"\xa6\x27\x31\x1f\x11\x89\xd2\x2a\xa1\xe1\x91\x04\x25\x3f\xf9\xd2"
	"\xe0\x50\x18\x89\xc2\xbb\x14\xeb\x4f\xb2\xd6\x6a\x9d\x69\x4b\x55"
	"\xd3\xd1\x70\x65\x50\xd7\x83\x4e\x27\x60\x85\x35\xf2\x2d\xa8\x65"
	"\x9b\x44\xad\xa6\x40\x0b\x75\x7d\x33\x62\xc4\x50\x87\xfa\xbb\xd1"
	"\x95\x17\x77\xc2\x56\x7d\x00\xd4\x2d\xde\xa8\x30\x1d\xc5\x5d\xa0"
	"\x22\x5e\xb1\x33\x54\xa3\xec\x94\xa3\x98\x49\x43\xe5\x97\xe2\xf8"
	"\xa2\x15\xaa\x58\x3d\x84\xf8\xa0\x54\x86\x07\x35\x8e\x0c\x86\x0a"
	"\x5e\x55\xa5\xfe\xde\x30\x87\xe2\xed\x4e\x1e\xee\x0e\x3f\xa9\x28"
	"\x04\xff\x52\x31\x0c\x10\x3a\x00\x71\x0f\x94\x3e\xc1\x4c\xb6\x35"
	"\xd0\xb4\x30\x1c\xd3\xcc\x50\x66\x34\x2c\x32\x58\xb8\xa0\xcc\x96"
	"\xf6\xfb\xdc\x15\x14\x5a\x80\x3c\xdf\x12\xc9\x37\xbc\x9e\x32\x72"
	"\x06\x90\x8a\x03\xb6\x9f\x2f\xc9\xcc\xbb\x0d\x41\xa0\xc7\x3f\xfa"
	"\xcf\x70\xa5\x65\xa8\x1e\x3d\xe8\xb4\xef\xe0\x4d\xe3\xec\xf9\x36"
	"\xd0\x76\xbe\x55\xd4\x01\xd4\xab\x33\xc9\xb7\x5b\x1d\xfc\x22\x35"
	"\x94\x9a\x28\xab\xec\x61\x26\x96\xf7\x52\x17\x4c\xe3\xda\x6b\x14"
	"\x86\xf1\x97\xd5\xfb\x2d\xf6\x44\x28\x6c\xc9\xf9\x40\x56\xa4\x07"
	"\x86\x16\x09\x7b\xd8\x63\x5b\xda\xdd\xc8\x13\xc4\x92\x74\x91\x6d"
	"\x83\xc9\x07\xa8\x0c\xe1\x80\x8a\x7b\x31\x3d\x1e\xc9\x86\x35\xfe"
	"\x41\xcb\xd2\xcd\xaf\x80\x77\x42\x08\x98\x26\x35\x28\x74\x15\x5c"
	"\xc3\xfc\xd8\x7d\x4d\x6f\xb0\xe8\x71\xca\xea\xac\x1e\x1d\x1c\x98"
	"\x76\xb8\xca\x63\xb9\x96\xed\xb6\xd0\x1a\x15\x3c\x6f\xa7\x96\xed"
	"\x9d\x16\x0f\xd5\x76\xb7\xec\xb5\x54\xbb\xc3\x25\xe4\x41\x0b\xc3"
	"\x2a\x8b\x53\xbb\x64\x5d\x0a\x15\x9a\xa6\x86\xf8\x0b\xb6\x50\xd5"
	"\xa3\x2f\x3f\x7b\x5a\xec\x51\xc7\xed\x72\xdb\x80\x53\x90\xc7\x56"
	"\x48\x8f\x9d\x60\x80\xee\x7a\xd6\x41\x80\x6a\xea\x81\xc9\x66\x23"
	"\xd5\x1e\x88\x7c\x06\xcf\x1f\x5e\xdf\x9f\xe8\x09\x64\x54\xfd\xf5"
	"\x95\x3d\x39\x35\x75\xc8\xa3\x4a\xd8\x33\x09\x4e\x2e\xe4\x08\x65"
	"\xbd\xc9\x05\x30\x62\xde\xd2\x11\x44\xe1\x38\xa5\x1b\xc0\x86\x7a"
	"\x18\x63\x57\xae\xce\x60\x04\x08\xa5\x10\x9c\xc3\x81\xab\x3a\x54"
	"\x0c\x83\xbc\x64\x01\x1f\x98\xfa\xdc\xea\xd6\x66\x65\xb4\x2b\x5b"
	"\x1a\xd6\xb0\x86\x1f\x38\xdc\xac\x6f\x7a\x57\x0b\xd3\x4f\xf0\x1e"
	"\x40\x53\xcb\xfd\x72\x98\x07\x72\xb6\x2e\x10\xff\xe4\xb8\x98\xb7"
	"\x35\x39\x25\x07\x4b\xd0\x23\xeb\x3a\x86\xeb\x4d\x23\x68\x6a\x06"
	"\x9b\x5d\xae\xcf\x09\x06\xe1\x18\x8a\xb3\xfd\x04\xe3\xf2\x33\x15"
	"\xdd\xe0\x96\xeb\xe9\x27\x2d\x61\x3c\x64\xb5\x34\xa4\x7c\x61\x08"
	"\x7a\x98\x2f\x5a\x98\x53\x22\x62\x96\x7a\xfb\x90\x97\x2a\x5c\xa4"
	"\xe8\x84\x6c\x4f\xae\x0c\x2f\x15\x6c\xb1\xca\x43\x3e\xd9\x8d\x8c"
	"\x0b\xb3\x78\xf8\x4b\x76\xca\x38\x63\xbb\xdb\xd1\x79\xca\xf4\x6e"
	"\xf3\x3d\x82\xd3\x36\x4d\x36\xc9\x9f\x6e\x5b\x83\x12\xae\xc4\xac"
	"\xc6\x0f\xed\x88\xab\xc1\x2d\x4f\x8d\x22\x5b\xe1\x9b\x9a\x9a\xcf"
	"\xc4\x81\xa3\x96\x06\xdc\x90\xfb\xe1\xf1\xb7\xff\x63\x22\xc0\xa0"
	"\x89\x0d\x17\x0d\xa3\x6d\x7d\x02\x78\x73\x8f\x87\xac\x16\xd2\x94"
	"\x59\x4a\xce\xf1\xc3\xc7\x79\x50\x6e\xc7\x6d\x69\x8c\x53\xb5\xfe"
	"\x94\xf0\x2e\xc0\x36\x63\xef\x15\xbc\x9f\x1b\xab\x16\xf5\x28\x5d"
	"\x43\x89\xd7\x96\xe7\x1d\x1b\x87\x54\x14\xc6\x89\x03\xba\x36\xc9"
	"\x9a\xf2\x47\xf1\x00\xa9\x26\x5f\x41\xae\x17\x3b\x1e\x0c\x80\x11"
	"\xe2\x06\xa7\x41\xd0\x27\x7c\x71\xca\xf1\x43\xba\x85\x8b\x3b\x77"
	"\xd1\xde\x77\xc5\x2e\x6c\x15\x10\xc3\x81\xe6\x6e\xdb\x4a\x73\xae"
	"\xd1\x26\xcf\x70\x03\xa7\x17\x5b\xea\x05\xd3\xf5\xeb\x1b\x18\xbe"
	"\x26\x78\x09\xda\xe2\xc1\x08\x0f\x35\xec\x4b\x6f\x6d\xd6\x2e\x54"
	"\x5c\x81\xe9\x44\xfa\x9d\xd8\x5a\x35\xf4\x9d\xd8\x25\xee\xf1\xff"
	"\x0d\x54\x58\xea\x7d\x2f\x3a\x19\x6d\x7d\x2f\xae\xd6\x74\x9e\x45"
	"\x27\x1f\xa9\xf0\xbe\xbe\xa3\x1b\x1a\x76\x38\xc5\xb8\x9c\x43\x2e"
	"\xf1\x11\xcf\x78\xe2\xfc\xce\x56\x1e\x92\x28\xde\x21\x36\xc3\xe4"
	"\x7b\x0b\xec\x4b\x04\x8e\xf8\xbe\x8e\x24\x4e\x60\xf5\x7e\x1e\x1d"
	"\xf7\x1d\x84\x76\xd9\xe1\x4e\x6f\x99\x57\xab\x6a\xc4\xf3\x36\x2f"
	"\x74\xf1\x9f\xa7\xc7\x6f\xef\x0f\xbf\xe2\x39\x90\x62\x90\x8d\xd8"
	"\xc3\xf2\x5d\x2c\x79\x88\x61\xb1\xca\xc8\x80\x47\xbe\xb3\x2a\x0d"
	"\x83\x0b\x04\x3c\xed\x91\x6b\xa4\xc9\xbe\x4c\xa4\x66\x31\x0f\x6e"
	"\x74\x73\xf4\xc7\xb7\xd0\x64\xcb\xb0\x48\x72\xfb\x48\xa5\x58\xc9"
	"\x92\xd2\xf5\x82\x4d\xd5\x68\x65\x0e\xb7\x2c\x3b\x7d\x79\x79\xfd"
	"\x6b\xd4\xbe\xd1\x3a\x6c\x00\x9c\x46\x6c\x86\xf1\xc6\x82\x0d\x2a"
	"\x49\x68\xd2\xe5\x48\xd1\xb2\x6c\x8d\xe4\x14\x4a\x3b\x9f\x0d\xa4"
	"\xfd\xc4\xf7\x12\x3c\x4c\x90\x0e\x94\x0e\xe3\x64\x3b\x66\x74\x6c"
	"\x06\x9f\xcc\x5f\x60\xc9\x28\x96\x86\x16\x44\xe6\x4d\x34\x97\x95"
	"\x79\xa4\xab\xb0\xc6\x68\x41\x4d\xa5\x9d\x23\x3a\x22\x9c\x90\x35"
	"\x0a\xe8\xb5\xa8\x9a\x35\x19\xef\xc5\x48\x42\xc3\xb4\x25\xa6\x53"
	"\x12\x78\x0f\xab\x73\xd8\xb7\x50\xbc\x04\xc4\x74\xf8\x60\x1c\x21"
	"\x79\xb3\x65\xd7\x34\x51\x57\x3f\xf8\x55\xbe\x81\x89\x1f\x9b\x65"
	"\x55\x78\x69\xc1\x0d\x1b\xd8\xa6\xfe\x1b\xdb\x38\x5f\x8b\xbf\xd9"
	"\xec\x58\x28\x38\x60\x71\xf1\x0f\xb3\x8b\x6b\x13\xd2\xc5\xde\x5e"
	"\x74\x2b\x56\x41\x92\xee\x79\xf1\x35\xf4\x6d\x88\x6c\x9f\x41\x71"
	"\xe9\x5b\x9c\x88\x21\xc2\xca\x6c\xd9\xc8\xd0\x09\x86\x29\x10\x42"
	"\x4f\x21\xc4\x88\x84\xea\x06\x85\x76\xfc\x02\xfc\x54\x4f\x7d\x6e"
	"\x54\x05\xb3\xaf\x03\x54\x04\x6b\x1b\xcc\x0f\x39\x8e\x48\x83\xe2"
	"\x21\x80\x2d\x28\x28\x3f\x5c\xb5\x72\xfe\x98\xef\x3c\xcf\x74\x1f"
	"\x97\x7b\xeb\x1a\xa5\x39\xfe\xc8\x57\xe7\x9d\xf5\x9c\xd5\x78\x3f"
	"\x62\xa8\x62\x57\x75\xdf\xaa\x9a\x72\xa4\x29\xb1\x5e\x62\x35\x5d"
	"\xd6\x98\xa4\xc1\x47\x4c\x95\x7d\x81\x5b\xfc\x1a\x97\x12\xb6\x11"
	"\x44\x74\x3d\x8d\xd2\x28\xb6\xd9\x05\x13\x07\x1b\xcc\x1a\xa9\xe4"
	"\x52\x21\x63\xa0\x1b\x80\xda\x8f\xd4\x9b\x31\xae\xa3\x08\x3b\x93"
	"\xd0\x88\x37\x9d\x8a\x11\x04\xd5\x05\xed\xff\x4a\x6b\xcd\x5e\xc2"
	"\x14\x8e\x42\x0a\xcc\x60\x2b\x15\x3a\xd4\xb5\x46\xc1\xe7\x44\xc3"
	"\xb6\x4d\xef\xb1\xd4\x32\x6b\x77\xd6\x7c\xdb\x63\x92\xb4\x6f\x6c"
	"\x5a\x08\xbd\x31\xd7\xce\xee\xf9\xed\x4c\x39\x07\xe7\x09\x6e\xde"
	"\xe0\x71\x35\xbf\x6b\x6c\x72\x6f\xc8\x2b\xd8\x3e\x40\xec\xf3\x1a"
	"\xae\x7e\xe1\x26\x0b\x6c\x97\x72\xc9\x19\xbd\x04\xe4\x70\xa6\x65"
	"\xb5\xa0\xd4\x3e\x43\xd9\xc2\x71\xae\x5a\x31\xea\x62\x08\x4b\xd2"
	"\xf2\xab\x35\x68\xf8\x86\x73\xf0\x0d\x78\x29\x4b\x08\x4c\x1c\xab"
	"\x28\x88\x09\xfa\x93\xb4\x11\x6d\x29\xfa\x88\xcb\xbc\xfa\xc6\xab"
	"\xf7\xf6\xf4\x4e\x3e\x21\x50\x0e\xf5\x97\x6d\x44\x57\xb9\xb1\x63"
	"\xc6\xa8\x2f\xb8\x82\x05\xd6\x70\xd3\x0c\xd2\x55\x49\xf6\x3a\xfd"
	"\xee\xe1\x9a\x5e\xae\x52\x57\xaf\x1d\x57\x85\x58\x2b\xe9\x17\xe6"
	"\xd9\x5a\x68\x98\xf9\x13\x75\x44\xdb\x2a\xfe\x64\x5e\xac\x25\x07"
	"\x0c\xc1\x65\x10\xb6\x45\x70\x4b\xb0\xf4\x02\x86\x0f\xc6\x51\x51"
	"\x02\x5d\xf7\x09\x45\x02\x63\x0c\x2e\xfa\x30\xe4\xec\xd6\x9a\x53"
	"\x47\xb4\x1f\x49\xc0\x37\xf1\xbd\xe4\x41\x7f\x82\x5f\x3b\x05\x22"
	"\xb4\xaa\x68\x79\x88\xa0\xcb\xc4\x92\x8e\xd8\x3d\x72\xa8\x6b\xb9"
	"\xe2\xa2\x23\x7a\x1e\xa6\x71\x6c\xd0\x64\x07\xce\xc3\xd7\x46\x37"
	"\x50\xc3\xda\x4f\x3d\x32\x18\xfa\x80\xae\x92\x25\xa6\x13\xbc\x9f"
	"\x7c\xf3\xa5\xa1\x4b\x86\x52\xfc\xee\x42\x6d\x95\x14\x98\xac\x36"
	"\xa6\x0a\x9c\xe1\x8e\x40\x42\x21\x41\x9b\xb6\xdc\x49\x1b\x50\x40"
	"\xf2\xad\x90\x93\xfa\x5d\x47\x9b\xd0\xbe\xdf\x31\x1a\xef\x99\xd6"
	"\xba\x2d\xd9\x00\x1d\xa8\xc3\x0b\x37\x9c\x84\x9d\xe4\x4e\xe3\x49"
	"\x05\xc2\xe0\xc7\x62\x9d\xed\x85\xf6\x57\x01\x6a\xc4\xe7\x81\x03"
	"\xba\x6c\xb3\x29\x21\xfb\x44\xb2\x92\x71\x6b\x25\x54\xf7\x18\x6c"
	"\x17\x71\x7e\xdc\xdd\x24\xbd\x19\x99\x1f\x2a\x61\x0c\x4d\x35\xec"
	"\xd1\xf7\xee\xba\x57\x3b\xcb\x49\xd9\xd4\x4c\xa5\x00\x43\x43\x75"
	"\x41\xdf\xa0\xa9\x03\x8a\x17\x2a\x46\x51\x8d\x90\x49\xb2\x85\x34"
	"\xb2\xe8\x5b\xbd\x5b\xad\x3c\xda\x56\x46\xc1\x1b\x97\x35\xcc\xf9"
	"\x23\xcf\x0c\xc3\xb9\xac\xc5\xf9\x51\xcd\x33\x72\xef\x57\x5b\xbc"
	"\x15\x11\xb6\x25\x08\x0d\x28\x30\x9a\xbe\x90\x54\x5b\x02\xcb\xd8"
	"\x9a\x10\xd4\x08\x5a\x92\x3a\x6d\xad\x42\x9c\x84\xfb\x9f\x49\xde"
	"\xfa\xb3\x91\x28\x57\x5f\x04\x77\xbd\xd5\x4a\xd6\x4f\x85\x30\x76"
	"\xe8\xc9\xcc\x9a\xe0\x54\x0f\xf0\xd6\x66\x02\x3a\x06\x84\xc1\x81"
	"\x87\xb7\x7c\x02\x6a\x8e\x56\x0d\xfc\xc3\x0f\x8f\xdf\x7e\x7d\x7a"
	"\x14\xa6\xcd\x04\xc9\xa2\x4b\x3c\xa3\x38\xc8\x26\xf9\x41\xb8\x89"
	"\xd1\x2f\x3d\xf9\xe9\xe4\x2b\x2e\x12\x2d\xa4\x63\xed\xcb\x00\x15"
	"\x6e\x89\x96\x37\x84\x0c\x11\x96\xba\x24\x15\xd8\xa6\x74\xc6\xd0"
	"\xdc\x35\x88\xf8\xe3\x99\x51\x34\xa7\xa7\x52\x7b\x18\x11\xc3\x59"
	"\x92\x53\x1b\xda\xbe\xa0\x8f\x49\xea\x72\x1c\x52\x0c\x79\xc7\xdd"
	"\xdc\x39\x6e\xe6\x75\x3b\x70\x3c\x23\xcf\x42\x71\x0c\x3d\x09\xd7"
	"\x63\xaf\x65\x97\x85\xd4\x56\xc1\x4b\x82\x0e\x60\xe5\x33\x09\x62"
	"\xa9\x5b\x0b\x01\x7f\x29\xed\xc3\x78\xf3\xad\x9e\xdb\xce\xee\xcd"
	"\x98\x24\x39\xc1\x69\xac\x0c\xf1\xe2\x1a\xc5\xd5\x7d\x2e\x2e\x33"
	"\x5c\xd6\xcc\xa2\x96\x59\x2a\x83\x25\xd0\x33\x94\x5a\x4b\x59\xb3"
	"\x01\xc8\xca\xb0\x91\x52\x18\xc9\xce\xbe\x40\x5d\xd8\x5b\x07\xed"
	"\x1a\x11\x33\x72\x5e\xa7\x77\x8a\x1f\x59\xb7\x03\x0d\x87\x26\xd7"
	"\xad\x13\x52\x66\xa5\x6f\x3b\xc7\xf1\x22\x5a\xec\x10\xc2\x0d\x5a"
	"\x57\x9c\x3d\x29\x96\x5b\x5c\xd9\x61\xa8\xf5\x07\x18\x62\xe0\xb8"
	"\x2e\xe3\x53\x03\x80\xb3\x17\x66\x6d\x1a\xc0\x22\x79\x65\xcd\xe6"
	"\xa6\x10\xee\x49\xfc\xf6\x88\xed\x12\xb1\xa5\xed\xe3\xb5\x16\x0a"
	"\x50\xbb\xef\xf9\xe6\x93\x59\x0c\xe4\xd0\x5e\x16\x49\x84\x53\xad"
	"\x41\x92\xa2\xe0\xd3\x18\x7b\x3e\xe3\x48\x06\x15\x01\x3c\x77\x7b"
	"\xc1\xc7\xbb\xf5\x3a\x0f\x78\x8a\x25\xaa\x84\x4e\x86\xad\xbc\x4c"
	"\xad\x38\xe2\x67\x49\x0a\x03\x21\xe6\x66\x00\x01\x9b\xac\xe4\xbe"
	"\x25\xa0\x69\xfb\x62\xaa\xf6\x11\x59\xc7\xe7\xaa\xa9\xa1\xd4\x31"
	"\xaa\xeb\x53\xc0\xf3\x84\x94\x56\x23\x09\x8a\x4b\xb6\xdd\x62\x5a"
	"\xcb\x87\x31\x58\x37\x51\x28\x4d\xac\x35\x1d\xab\x67\x0d\x00\x75"
	"\xc4\xce\x73\x91\x6b\x3a\x94\xa9\x36\x51\x74\x1d\x75\xc1\x7a\xca"
	"\x1a\x4f\x82\x0d\x31\xda\xcc\xe8\x46\xbd\x86\x4d\x76\x7a\x74\x6d"
	"\xd8\x16\x12\x5d\x02\xa4\xdf\x9d\x05\xec\xc7\xf3\xb2\xc0\x64\xb2"
	"\xdd\x71\xcd\x72\x73\xc2\xb6\xdd\x34\xbc\xa5\x28\xdc\xa8\x3c\xf7"
	"\x7c\x5c\x63\x32\x91\xe5\x69\x1d\x85\x7c\x9a\x13\xf2\x6a\x20\x58"
	"\x72\x44\xef\x43\x1a\x0d\x00\xc1\xf9\xc4\xa9\x90\x9a\xd1\x40\xb0"
	"\x4d\x43\xd5\xd1\x29\xd6\xf4\x75\x1d\x90\x75\xb7\x30\x96\xb0\x04"
	"\x80\xc8\x09\x76\x6d\xa6\xd8\x66\x3a\x99\x7a\x40\x49\x21\x2c\x33"
	"\x2c\x72\x8e\x30\xd5\x16\x1c\xc3\x69\x09\xdd\x7d\x27\x64\xa4\x85"
	"\x52\x6e\x6d\x21\x0b\x11\x19\xde\x72\xac\x48\x1e\xde\xca\xc0\xf6"
	"\x93\xb5\x69\xbb\x4f\xbb\x72\xc8\x55\x3d\x89\x20\xc0\xa5\x59\x1f"
	"\xda\x1e\x37\xc3\x5f\x03\xeb\x35\xe2\x5b\xa1\x4b\xe4\xf8\x68\x59"
	"\x87\x0b\x8e\xc5\x2f\x7e\x83\x6a\x6c\x05\xa1\x03\xa7\xf4\xd9\x33"
	"\x3e\x5a\x90\xab\xb7\x5b\x68\x6f\x94\x10\xc8\x31\x04\xe8\x73\xb7"
	"\xa9\xf4\xad\xdb\xb7\xf4\xad\x27\x13\xfa\x48\x2e\x92\xb8\x77\x5b"
	"\x3a\x31\x34\x41\xed\x86\x2e\x29\x18\x89\xa9\x3c\x07\xb4\x35\xf2"
	"\x42\x7e\x64\x55\xef\x1b\xc2\x3e\x7c\xf9\xf5\xe9\x19\x09\x21\xbe"
	"\xbc\x7c\x42\x98\x5e\xa1\xef\x85\x88\xf5\x4a\x0d\x35\x79\x67\x39"
	"\x91\x20\x5a\x38\x34\xd8\xa2\xfc\xfe\xf0\xfa\xfb\x89\x15\xc8\x8e"
	"\xfe\x23\xdb\x28\x64\x4a\xc0\x36\xc7\x01\xfb\x25\xe7\x83\xd8\x6c"
	"\x66\x8e\xe8\x5f\xb2\x40\xd3\xe1\x92\x29\x4d\x5c\xec\x9f\x43\x58"
	"\x6d\x0b\xce\x60\xb9\x36\xea\x56\x48\x4d\xa5\x72\xd4\x39\x98\x8a"
	"\x4a\xfb\x4e\x69\x09\x5a\xd3\xd8\x58\x5a\xe6\x41\x91\xf8\x94\x38"
	"\x2e\xb2\xa4\xb8\xe2\x20\x96\x62\x5e\x38\x38\xe4\xfc\x03\x02\x75"
	"\xb0\xfe\x4e\x40\xf1\x01\x09\xaa\x3d\x74\x00\x61\x60\x94\x61\xf0"
	"\x0f\xf3\x8c\xe6\x5a\x6a\x3f\x57\xf3\xb7\xb8\x43\x8a\x4b\x98\x1b"
	"\xc5\x7b\x14\x68\xc7\x2c\x72\xb3\xe8\x0d\x7d\x50\x32\xa4\x4d\x71"
	"\xfb\x4c\xbb\x6a\x16\x53\x7b\x40\x44\xa0\x38\x2c\x07\x32\x32\x3e"
	"\xd2\x81\x71\x88\x08\x85\x79\x1f\x46\xf9\xae\x91\x8e\xab\x5f\xc6"
	"\xda\xbb\x41\x31\x00\x0b\xd7\x0d\x32\x61\xb3\xf6\x71\x6b\xb1\x40"
	"\x2a\x1c\x04\x0a\xa7\xd5\xc7\x4d\x2a\xa3\x2c\x1f\xac\xd6\xa7\x6b"
	"\xc4\xb9\xd9\xaf\xb0\x3b\x01\x9e\x2d\x99\x2b\x0c\x65\x96\x23\xa9"
	"\x0d\xd5\x1e\x22\x98\x3a\xd4\x56\x12\xdd\x25\x63\x4d\x1a\x67\x3b"
	"\xf5\xb0\x33\x48\x12\x2b\xcf\xf2\x1e\x6e\x79\x92\xe8\xb9\x02\x3d"
	"\xdb\x92\x21\x2e\xb6\x78\x73\xa7\x64\x34\xee\xf1\xd0\xf0\x6a\x56"
	"\xf0\x61\x52\xc3\xa3\x5e\x13\x83\x53\xa1\x48\x70\x33\xd4\x18\x3a"
	"\x8e\x7d\x37\x6e\x7c\xe0\xa0\xd5\x12\xdf\xcf\xac\x5e\x62\xfd\x08"
	"\x71\x28\xac\xa0\x1d\x23\x43\xa9\xa1\xfc\xe5\xc9\xe7\xe3\xbc\x60"
	"\x37\x71\xaa\x9e\xee\x07\x08\x75\x15\x7a\xed\x76\xa2\xe4\xa9\x54"
	"\x12\xdf\xd7\x6c\xc4\x5c\x44\x7a\x24\x9a\xd9\x43\x62\x4f\x27\x95"
	"\x25\x76\x3f\x73\x29\xc2\x01\x56\x42\xbb\xe2\x10\xd4\x79\x21\xe0"
	"\xba\x3c\x38\xfa\x06\x16\x7d\x25\x01\xe5\x1d\xab\xb4\x71\x43\xed"
	"\xda\xe2\x65\xc8\x3e\x0a\x0e\x61\x7b\xee\x6b\x72\x37\x54\xd5\x77"
	"\x2c\x4d\x1c\x32\x50\xba\xfb\xc1\x46\xe6\x37\x95\xad\xff\x70\x90"
	"\xb9\xdd\xef\x64\x1a\x1b\x1f\xc6\x64\xb0\x22\x26\x32\xa1\xeb\xe5"
	"\x99\x51\xe0\xd8\x9c\x86\xc4\x45\xa1\x1b\xad\x53\xd7\x30\x72\x88"
	"\xb5\x4f\x8e\xd9\x21\x6c\x3a\x3c\x4b\x5c\xff\x78\x54\x2f\x10\x83"
	"\xed\xa7\xc7\x03\xdf\xd6\xa6\xfa\x93\x30\xf8\xa9\xe4\x0c\x1d\x04"
	"\x59\x3b\x27\x43\xb5\xff\x7d\x1f\xef\x74\xec\x1a\xac\x71\x3f\xa5"
	"\x9e\x35\x82\x82\xee\x1c\x6e\x36\x92\xb6\x04\x1d\xac\x1d\x83\xb7"
	"\xcd\x24\xff\xe7\xe8\xbc\x66\x66\x05\x05\xf1\xaa\x80\x9e\x18\x0a"
	"\xb8\x99\xe0\x07\x51\xc2\xf9\x79\xa7\xff\x5d\x1d\x28\xfa\xdf\x23"
	"\x3c\x22\x6a\x22\x86\x33\x5c\x45\x48\xb1\xd1\x79\xfc\x68\x3a\x54"
	"\x01\x7b\x15\x17\xf1\x2f\x14\x41\xa8\xf7\x9d\x2f\x46\x5d\x2e\xe9"
	"\x23\x22\xd5\xe3\x90\x56\x20\x80\x86\xbb\x90\xba\xcc\x75\xaf\xf4"
	"\x54\xb2\x77\x85\xa5\x8f\xf6\x9d\x1b\x72\x47\x2b\x60\x70\x42\x29"
	"\x3e\xe8\xba\xa4\xb9\x57\xdf\xd5\x10\xb2\x34\xce\x8c\xaf\xbe\x5b"
	"\xbb\x8a\x2c\x50\xe4\x6a\x59\x77\x93\x83\xd1\x71\x17\xe0\x46\xd7"
	"\x97\x03\x25\x30\x14\x31\x72\x57\x75\x69\x30\xde\x76\xf8\x0c\x28"
	"\xc7\x8e\xd5\x08\x34\xba\x5b\x9f\x2e\xda\x4a\xd6\x83\x80\x45\xc9"
	"\x3a\x65\x5b\x15\xf7\x4f\xb0\x8d\x0c\xb6\x70\x6b\xf5\xf2\xab\xcf"
	"\x55\xf6\xe9\xd0\xdd\x34\x08\x58\xb6\xca\x8d\x04\x71\x4a\x24\xab"
	"\xe9\x78\x42\xe9\xb6\x0c\x27\xdd\x3d\x59\x8f\x77\xbf\x63\x10\xbb"
	"\xc7\x00\x00\xee\xee\x01\x80\xbc\x16\x55\x5b\xf5\x9c\xfc\xf7\xfc"
	"\xfb\x66\x65\x3b\xfb\xc4\x7b\x09\xdd\xec\xb9\x2b\x69\x9c\xdb\xdf"
	"\xf5\xec\xb3\x3f\xb6\x33\xc9\xfe\x4e\x73\x52\x53\x30\x22\x03\x6d"
	"\x1a\xfc\xf4\xd9\x29\x2d\xa8\xee\xad\x69\x60\x0a\xe2\x35\x84\x40"
	"\xcd\x4c\x90\x85\xdd\x38\xf1\x3e\x41\xde\x4a\xd7\x99\xd0\x22\x45"
	"\xab\xd2\x79\x2c\xba\x49\x9c\xc7\xf2\x5c\x9f\xad\xfa\xa8\xe5\xca"
	"\xf6\xec\x3c\xbd\xcc\x95\x3b\xc7\xa2\x26\xc6\x84\x5b\x0a\x9e\xc0"
	"\x5e\x16\x91\xb2\xb0\xea\xe9\x12\x72\xea\x06\xcc\xf0\xe6\x5e\xe9"
	"\x0f\x4c\xfe\x3c\xb0\x70\x48\xf8\xe0\xca\xa1\x7b\x5d\x0f\x6f\xbb"
	"\x5a\x35\xad\xba\xfc\x36\x33\x6b\x48\xbe\x18\x83\x12\xac\xc9\x62"
	"\x7c\xb5\xdb\x94\x18\xcb\xcd\xfb\x04\x52\x46\x2c\xbb\x93\x53\xc3"
	"\x00\xc0\xc3\x01\x19\x18\xc8\x05\x47\x00\xa1\x81\x63\x1f\x47\x59"
	"\xad\xe1\xdc\xc2\xeb\xf0\xe6\x42\x42\xdc\xc8\x7a\x7a\x8e\x52\x00"
	"\x2d\xbf\x7b\x68\x8b\xea\x3a\x7b\xa6\xab\x32\xcf\x0a\x29\x88\x60"
	"\x34\x9d\x63\x86\x0f\xec\xe7\x90\xe8\x4c\x7e\x0e\x47\x1f\x69\xcf"
	"\xa1\x95\xf6\xe1\xce\xd5\xae\x03\x72\x7a\x9d\x23\x03\xf1\x14\x71"
	"\x9e\xba\x2d\x64\x84\x04\xa2\xef\xe8\x34\x6a\x5d\x6d\x0d\x3b\x17"
	"\x57\xcd\x6e\x76\x8e\xb3\xf2\x3b\x6a\xc4\x02\x7c\x8e\x0c\xeb\xa6"
	"\xdc\x48\x7a\xbb\x71\x02\xb1\xc3\x76\xaf\xd1\x66\x6a\xc2\xf9\x8a"
	"\x35\xf6\xa6\x75\xf4\xbb\x8e\x96\xeb\x7a\xb7\xfc\x25\xb4\x0f\xe8"
	"\xba\x90\xc2\xd0\x19\x64\x95\x81\x48\x4d\x0f\x9e\xf4\xc2\x2f\xe7"
	"\x93\x17\x0f\x2e\xb2\x63\x27\xa3\xde\x12\xdd\x0c\x93\x92\x93\x73"
	"\x1c\x48\x78\xb7\xe6\x46\x0c\x38\xb2\xb0\x20\x7a\x36\x15\xf0\x04"
	"\x75\x72\x5a\xe1\xca\xed\x04\x20\x8c\xa5\xfc\xae\x2b\xa0\xeb\xb4"
	"\x14\x0d\xfd\xc6\xea\x85\xc4\x17\xce\xfc\xa6\x0c\x3e\x88\x47\x1e"
	"\xfe\x20\x53\x5a\xf1\x87\x58\xde\xbb\x31\x87\xda\xd3\x89\x1a\xec"
	"\xb2\x46\x3d\xfc\x93\x35\x2c\xab\x4b\xf2\x07\x71\xbf\x06\xb3\x85"
	"\x20\x49\x23\x2a\xad\xec\x58\xfa\x93\x6c\x9a\x19\x31\x34\x35\x6b"
	"\x2c\x72\x63\x77\x60\x9b\x08\x07\x32\xfb\x92\xd2\x08\x25\xb5\x2c"
	"\x41\x61\x64\xef\x89\x65\x8f\x5c\x8e\xee\x95\xe6\x38\x71\x27\x98"
	"\x48\x83\xdc\x13\x74\x7d\x03\x0f\x3f\xf7\xac\x9e\xc3\x1a\xb2\x13"
	"\x5a\xd1\xb4\x30\x89\xe3\x98\x1a\x78\x69\x1d\x51\x74\x33\x48\x34"
	"\xec\xe8\x03\x71\xf3\x81\xee\xf6\xdb\xe9\xdb\x09\xb6\x88\x3f\x6b"
	"\xa7\xa0\x8e\xcf\xaa\xc6\xaf\xc3\xa5\x25\x2f\x9b\x5a\xbd\xa9\xac"
	"\xbc\x3c\x4d\xa1\xcd\xca\x69\xce\xde\x80\xc9\x5b\xa4\x1d\x05\xcd"
	"\x57\x56\x8e\x90\x23\x91\x69\x50\x03\xc1\xfa\xe5\xec\xd2\x06\x5e"
	"\xae\xdc\x72\x6c\xe1\x56\x1b\x7a\xf4\xab\xf8\xd6\x3a\x67\xf7\x11"
	"\x96\xd6\x8b\x78\x0f\x1e\x7a\xe2\x83\x34\x0c\x40\x15\x33\xd8\x00"
	"\x5c\xf0\x86\x5b\x18\xc1\x26\xd9\xde\xc7\x3a\x1d\x81\x9a\xd8\xf0"
	"\xbd\xc7\x5a\x54\x58\x6a\xde\x1e\x3c\xbb\xa5\xde\x18\xe4\xae\xbc"
	"\x59\x9e\xc5\x09\x37\xbb\x1b\x4b\x99\xdd\xab\xe8\x76\x35\xdc\x09"
	"\x21\x05\xf4\x1d\xe4\x03\xee\x59\xe7\x91\x42\xc4\x11\x3c\x43\x65"
	"\x10\xbc\xd9\x0c\x77\x55\x9e\x58\xe4\x3b\xdd\xd0\x5a\x01\xf7\xda"
	"\xdf\x4d\x5a\xda\x43\xd0\xf6\x69\x92\x3b\xf5\x88\xf0\xf9\xe1\xed"
	"\xed\xe9\xb7\xa7\x47\x04\x97\x7f\x79\xc6\x27\x51\x67\x98\xd2\xbd"
	"\xde\x22\x85\x4f\x14\x14\x34\x71\x2f\xfc\x34\x22\x09\xa3\x42\xe6"
	"\xd1\x28\xb6\x9c\x69\x7a\x54\xf8\xe8\xe9\x5b\x4b\x88\x08\x07\xd0"
	"\xb2\xb9\xa9\x3b\xba\x1f\x42\xc3\x27\x8e\x5b\x27\x5b\xa6\x4b\x35"
	"\x60\xad\x39\xed\xb3\x50\x1e\x2c\x85\x9a\x13\xc1\x3a\x28\x76\xd8"
	"\xc1\x33\x99\x15\xe5\xab\x69\x7f\xff\xbd\xa4\x53\xb0\xff\xe4\xc2"
	"\x72\x23\x7a\xf6\xc3\x49\x8f\x25\xbe\x4e\x76\x7c\xdb\x05\x71\x98"
	"\xf4\x5b\x69\xde\x89\x23\xf5\x8d\xcc\x85\x61\x5b\xd3\xba\x03\x08"
	"\x10\xc2\xa7\xd8\x2b\xa6\x2e\xc2\x6f\x2e\x4e\x88\xea\x88\x5e\xc5"
	"\x30\x5f\xef\xa8\x66\x9b\xda\x75\x6a\x26\xab\x3d\xba\x16\xe8\x90"
	"\x1c\x9d\xd7\xc8\x12\x5e\x0c\xdd\x41\x88\x4f\xca\x0e\xdc\x37\x59"
	"\x08\x01\xae\x6b\x56\x41\xfa\x4d\xe6\x0b\xd6\x62\x2e\x1a\x40\xe0"
	"\x2c\x21\xdf\x06\x57\x75\x25\x8c\x6b\x3c\xd9\x74\x88\x51\x2a\xdc"
	"\x69\x86\xd5\x52\x82\xfb\x8e\xbf\x4d\xf9\x1c\x26\x0b\x96\x20\x7a"
	"\x14\xca\xc4\x6d\x7c\xa2\x19\xc0\x4a\x4a\x24\x5c\xec\x53\x22\x30"
	"\x29\xe3\x1e\x69\xef\xd5\xa2\xe1\x0e\x23\x76\x90\x00\x24\xc9\xd6"
	"\x0d\x83\x48\xe0\x10\x56\xc1\x83\x28\xc9\xca\xea\xd4\x1e\xa3\xca"
	"\xf4\x90\x4c\xf3\xbd\x64\x68\xda\x63\xfd\x91\x70\xd1\xcf\x38\xa6"
	"\xe0\x62\xbb\xb2\x02\x2d\x47\xa1\x6b\x54\x44\x5b\x24\xd5\x46\xfe"
	"\xa9\x14\x46\xf0\x52\xa8\x4b\x9c\x6f\x71\xda\x83\x95\xbe\xac\xc2"
	"\x70\xba\x43\x94\xdc\x83\x4a\x00\xe2\x84\x1f\x1c\xfe\x01\xa6\x30"
	"\xc4\xcd\x6e\x20\x64\xa2\xec\x2c\x8d\x61\xe8\x3e\x8d\x53\x47\x6d"
	"\x4b\xb7\x5e\x64\x53\x0e\x6c\xd3\x9c\xaa\xa4\x63\x46\x27\xf9\xa9"
	"\xd3\x29\x69\x92\xf1\xa2\x8b\xd3\xba\xd5\x64\x2d\xd5\xdb\xa2\x12"
	"\x3e\x1c\xf4\x0b\x11\xfb\xac\x59\xc4\xdf\xd0\x73\xb2\x45\xa2\x70"
	"\x9d\x6d\xc8\x94\xde\x54\xca\xe8\x70\xf4\x94\xe8\x36\x90\x3a\xd0"
	"\x09\x65\x29\x20\x94\x86\x04\xea\x9a\x0a\x99\xdd\xba\x40\x12\x49"
	"\x0a\x4a\x26\x14\xca\x47\x86\x9b\x7a\x74\x28\x0a\x22\xe8\x3d\x9f"
	"\x08\x1c\x65\x41\xe3\x1b\x74\x05\xe5\x0c\x2f\xe1\x9b\x65\x25\x4e"
	"\x5d\xde\x5a\x8f\x9a\x94\x82\xf4\x17\xcf\x12\x40\x30\x58\x06\xc4"
	"\x01\x07\x27\x80\xd3\x8c\xa3\x81\xc4\x2a\xed\x20\x3a\x9a\xb1\xd1"
	"\xc8\xf3\x78\x3b\xd4\xdb\x34\xd3\x9e\x26\xbc\xf1\x6b\x7f\xa1\xd1"
	"\xfb\xe9\xed\xdd\x71\x3a\x87\xd6\x02\xfe\x62\xb2\x16\x23\x19\xaa"
	"\x07\x16\xbb\xd0\xe1\xee\xe0\xf8\xb5\xb3\x58\x31\x48\x9b\x20\xc3"
	"\xc3\x83\xe7\xec\x17\xda\x7a\x0c\xdd\x41\x1c\x0e\xc4\xfc\x4d\x81"
	"\xca\x22\x7b\xde\xc1\xac\x0b\xbe\xb2\x99\x7b\x25\x23\x75\xd6\x36"
	"\x76\xef\xe7\x80\xc1\x0f\xdc\x82\xb5\xf5\x6c\xc4\xe3\x05\x10\x6d"
	"\x05\x3c\x7f\xf0\xdc\x7f\x01\x2b\xe1\x98\x0b\xab\x04\x6b\xd9\x6e"
	"\x29\xeb\xcb\x2d\x86\x36\x4b\x7c\xf9\xf9\xdb\xe9\x1d\xe1\xd1\xff"
	"\x18\x7d\x3a\xfd\xfb\x09\x69\xa6\xda\xec\x53\x46\x6c\xc4\x69\x98"
	"\x2c\x2b\xdf\xe8\x6f\xe0\xa5\x4f\xb4\x0a\x61\x8f\x00\x16\xce\xbe"
	"\xd3\xe5\x91\x98\xf0\x62\xea\x3e\x9f\x69\x8c\x3c\x18\x5f\x0c\x22"
	"\xac\x86\x59\x3c\xa0\x19\x3e\x0e\xb2\xe2\x60\x9d\xc5\xb5\xc4\x28"
	"\x2c\x27\x6a\xe7\xc0\xc2\x90\x99\x91\xe3\x8a\x02\x81\xb3\x1b\x62"
	"\xf7\x53\x7d\x17\x6e\xa7\xd7\xd7\x17\x72\xf1\x00\x05\xc2\x46\x1c"
	"\xd9\x60\x3e\xbd\xbe\x70\xf2\x10\x20\x0e\xd7\xb1\xf0\x69\x2f\x56"
	"\xf5\x4d\x68\x8d\x31\x5d\x2d\x39\x5e\x15\x08\xa1\x2f\xc6\xcb\x1d"
	"\x8c\x0c\xf1\xc1\xf1\x85\xdc\x92\xdb\x46\xb0\x0b\xbd\x76\xf3\xd6"
	"\xd4\xf8\x13\xce\x23\xe2\xd1\x9f\x3f\x95\xb9\x78\x61\xd1\x48\xc9"
	"\xa1\x25\x85\x58\xac\x74\x0d\x17\x01\x23\xb6\x29\x7f\x40\xf6\xcb"
	"\xb2\x22\xa7\x1b\x29\x8d\x06\x9b\x96\x6e\x44\x40\x87\x95\x05\xe2"
	"\x9a\x17\x88\x30\xb1\x76\xef\x22\x06\x1f\x89\x01\x11\xdb\x50\xa7"
	"\x9b\x45\x20\x09\x67\xf6\x38\x83\x4d\x81\x8b\x20\x0a\x8a\x11\x46"
	"\xe1\x1e\x11\x42\x21\xa2\xab\xbb\x6e\xaa\x41\xa3\xf8\x11\x3a\x48"
	"\x3e\xa3\xd0\x36\x2e\x64\x67\xf0\x1a\x67\x9a\xce\x8a\xac\x5b\x3e"
	"\xa0\x34\x32\x14\xd8\x89\x10\xe1\x27\xbd\xac\x84\x45\x14\x88\x74"
	"\xad\x66\x02\x1a\x0a\x24\x7a\xe7\xe0\x81\x96\x8f\xe5\x2d\x81\xba"
	"\xa1\x0d\x88\xce\xda\x48\x6d\x82\x70\xa7\x59\x80\x18\x36\x14\xed"
	"\x4d\xc4\x96\xbf\x43\x36\x01\x6b\x6a\xe9\xd2\xc5\x8a\x3c\x50\x5b"
	"\xb1\xa9\xdf\x08\xa6\xd0\xfb\x04\x53\x42\x12\x9b\x61\x5a\x63\x26"
	"\xdb\xdc\x4e\xe4\xd1\x45\xa0\x20\x11\x92\x6d\x03\xa7\x25\xfd\xda"
	"\x5a\x1f\x0d\x28\x0c\x12\xf7\xc9\x0f\x39\xd6\x37\xd8\x6a\xdc\xbb"
	"\xf4\x76\x65\xdd\x10\x75\x0b\xf1\xb5\xde\x5a\x4a\x98\xfc\xcc\xc1"
	"\xda\x77\x1c\x74\xf9\xa0\xe8\x4a\x22\x24\xd3\x63\x6f\xf2\x56\x6c"
	"\xb0\x88\x42\x44\x58\x24\x0a\x97\x42\xe3\x6d\x2c\x3e\xd0\x71\x4b"
	"\xca\xc4\x74\xe5\x3d\x87\xf3\xc3\xbc\xd1\xde\x17\x46\x22\x2b\xb8"
	"\xc3\x53\x36\x05\x47\x29\x56\x1d\xc6\x7a\x23\x47\x65\xbc\xee\x47"
	"\x6a\xb5\x77\x86\x8a\x0e\x90\xd1\xbc\xc1\xe3\xc8\xad\x4f\x8f\x3a"
	"\xa6\xf4\x68\xd7\x4d\xa2\xb1\x67\x77\x01\xc4\x81\xb0\x8d\xa5\xac"
	"\xcf\x70\xa2\x81\x42\xf4\x07\xe1\x76\x86\x06\x54\x59\xee\x54\xb1"
	"\x62\x94\xc2\xf6\x9e\x62\xfe\xb5\xa2\xc2\xeb\xc1\x81\x22\x24\x36"
	"\xb1\x95\x55\xf4\xd9\x16\x6e\xbe\x23\x7a\x80\x49\x56\xc1\xcd\x34"
	"\x31\xb1\x3f\xbf\x20\x8d\xe2\x2b\xbe\x69\x51\xae\x70\x22\xe1\x2c"
	"\x1e\x2d\x15\x8a\xd9\x10\x98\x3a\x88\xdf\x2e\x2e\x87\x49\xef\xb5"
	"\xd5\x90\x92\x60\x19\x7e\xab\xed\x24\xca\x27\x04\x2b\x68\x47\x27"
	"\x29\x77\x7f\xc8\x05\x0a\x1f\x9c\x31\x54\x38\x53\x53\x50\xc5\x0c"
	"\x53\x09\x06\x64\xe1\x2e\x42\x7c\xc0\xdd\x60\x00\x81\x56\x63\x9d"
	"\xa7\x00\x8b\x10\x65\xda\x72\x22\x33\x5a\x40\x29\x32\x1a\x64\xba"
	"\xa3\x5a\xb8\x5a\x34\x8d\xfb\x3e\xb9\xca\x53\xba\x0b\xc6\x6b\x45"
	"\x2a\xc1\x87\x7d\x8a\xa8\x3f\xc8\xd6\x03\xc7\x0b\xcb\x73\x15\x47"
	"\x41\x3a\x88\xb6\xa5\x54\xb0\x9b\xee\xef\x3a\x99\x88\x6d\x49\x07"
	"\xc4\x41\xc4\x9f\x1e\x5e\x99\x67\xfd\x8f\x59\x26\x15\xb0\xba\x34"
	"\x82\x74\xf6\x4a\xdf\x85\x11\x2c\xfa\xfb\xdf\x1d\xf1\x18\xda\xb2"
	"\x14\xd7\x17\x4f\x18\xe8\x38\xb4\x64\x85\x68\x04\x00\xb5\x7d\x03"
	"\xe0\x8a\x33\x72\x92\x09\xa6\x4b\x8a\x1c\x16\x98\xa3\x46\xe8\xb9"
	"\xf9\xdb\xc3\xb7\xcf\xef\x9c\xd5\xf1\xe9\xf7\x6f\x2f\xc8\xcb\x8a"
	"\xd4\x34\x14\x06\x05\xd1\xdd\x1f\x46\x6f\x4f\xff\xf7\xf4\xcf\x76"
	"\x24\x53\xb0\x08\x5a\xcd\xeb\x8c\x8d\x51\x45\xb2\x71\x03\xc1\x89"
	"\xb0\x81\x0a\xbe\x2c\x30\x85\x3b\xc0\x14\x83\x97\xbf\x73\x44\x58"
	"\xb8\x08\xd2\xf1\x1d\x48\xce\xed\x84\xe8\xb4\x49\xb7\x4c\x12\xb9"
	"\x66\x9c\x70\x54\x05\x8c\xa2\x1d\xde\xdc\xe8\xc4\xc1\xe2\xa0\xbc"
	"\xb4\xea\x70\x6a\x99\x18\x2f\x55\x92\xe9\x7a\x9d\x20\xfa\x4e\x50"
	"\x58\x4b\xbe\x1e\x9d\x1c\xdd\x3d\x5e\x26\x13\xd9\x1d\xa4\xb0\x80"
	"\x13\x3a\xc2\x01\x61\xd0\x39\xdb\xd1\x24\xdf\x25\xb7\xaa\x95\xd3"
	"\x33\x16\x77\x43\x3d\x64\x4d\x2f\xd3\x27\x9e\xa6\x92\x24\xf3\x0f"
	"\x88\x48\xd0\x69\xb5\x81\x0a\x11\x93\xce\x32\xfa\x40\xfe\xd6\x4f"
	"\x55\x4a\xc5\xb0\x53\x60\xb5\x90\x05\x2d\x56\xf6\x9e\x93\x2e\x15"
	"\x2d\x61\x65\x97\x92\xfb\x93\xb3\x34\x1a\xbd\xe5\x90\xc0\x4e\xe8"
	"\x7a\x6b\x27\x25\xd6\x92\xce\x2a\xeb\x6e\x8d\x9f\x7c\xf2\x73\xcb"
	"\x97\xa0\x98\x2a\x14\xbb\x86\x83\xc1\xf9\xb1\x64\x30\x38\x3f\x56"
	"\x80\x7b\x33\x45\xc7\xb3\x30\x5a\xc6\xe0\x38\xac\xc0\x72\x14\x10"
	"\x0f\x41\x71\xd5\x2f\xc7\x5d\xd6\xc6\x4a\xfc\xfa\xf0\x8a\x8c\x50"
	"\xd4\x69\x0c\xd8\xe3\xc7\x28\x53\xde\x36\xa3\xe0\xf9\xd3\xa8\x7a"
	"\x7d\x78\x7e\x43\x56\x77\x8a\xab\x98\x3e\xfc\xa5\x50\x45\xdd\x88"
	"\xcd\x88\x6e\x12\x8b\x1b\x55\xdc\xc4\xf1\x31\x3d\xb6\xb2\xad\x9e"
	"\xcc\xf7\xad\x0f\x80\x18\x4a\x9e\x22\xc5\x2a\x82\x97\x92\x75\x95"
	"\x31\xe4\xca\x72\x15\x59\x47\xa0\x16\x82\x1c\x9f\x76\x21\xd1\x06"
	"\x3c\x4a\x5a\x87\x14\x6a\x42\x37\xf6\x8d\xa1\x44\x40\x13\xaa\x10"
	"\xeb\xa1\xd2\xd2\xc8\xb1\xc4\x82\x2c\x82\xec\x67\xa4\xd3\xfa\x79"
	"\x05\x55\x3f\xf2\xd7\xfe\xf1\xf4\xd5\x75\xf3\x24\x62\xa1\x27\x2f"
	"\x16\xc1\x7e\x81\x3f\x58\xe8\xdb\x9b\x08\x01\xf6\x6e\x78\x1a\x40"
	"\x08\x93\xbb\x24\xaa\x36\xb5\xb8\xa0\x38\xa0\xb4\x4c\x88\x66\x77"
	"\xca\xce\x6c\x28\xd8\xaa\x93\x0e\x3d\xfe\x66\x2d\x36\x54\x0b\x9a"
	"\x2a\x9b\x6f\x49\x0a\x22\xf0\xc2\x82\x25\x45\x97\x92\x60\x96\x5c"
	"\xf6\xf0\xf5\x2b\x05\x54\xd1\x17\x75\x8a\xf5\xa5\xe4\xf7\xf0\xf8"
	"\x78\x7a\xb3\x97\x17\x12\x1f\x7c\xe2\xd3\xf8\x48\x92\xa0\xa7\x65"
	"\x6b\x8e\x58\xac\xd0\xed\x24\xad\x0f\x05\xfc\xbd\xad\x53\xa4\x85"
	"\x44\xc9\x91\x3b\xed\x61\xa6\xca\xd3\xe7\xdf\x7e\xa2\x1c\xd6\x0f"
	"\xec\x8f\x86\x66\x0f\xe8\x13\x48\x28\x79\x16\x5e\x5e\x8e\x65\xe3"
	"\xac\x7a\x22\xa4\x7f\x43\xe0\x2e\x8f\xea\x90\xfb\x2e\xdc\xe4\x93"
	"\xe9\x0d\xf2\x5b\x78\x89\x94\x65\x35\xb9\x74\xcf\x04\xa2\x50\xa6"
	"\x9d\x96\x58\x1c\xe4\x9b\x21\x28\xca\x77\xc0\x62\xe0\xf0\xf4\x9e"
	"\x00\x05\x23\x86\xa5\x13\x3d\xbd\xfd\xeb\xa7\xdd\xf3\x4f\x21\x0d"
	"\xf3\xde\xc9\xdb\xaa\x36\xda\x85\xeb\xa9\xb7\x45\x38\x15\x6f\x71"
	"\x3c\xf6\xc2\x07\x81\x38\x2b\x41\xdf\x6f\x97\x66\xf6\xd2\x1c\x79"
	"\x14\x47\xff\x73\xc4\xff\x9d\x20\xd1\x78\xd6\x9c\x37\x1c\xca\x20"
	"\x92\x9c\x2a\xe0\x32\x0a\x64\xb9\x52\x3d\x03\x63\x08\x31\x2a\x64"
	"\x03\xb4\xe0\xa2\x4a\x9c\xee\x38\x1d\x98\x91\x0b\xd6\x6f\x04\xfb"
	"\xa9\x3c\x3a\x2d\x40\x29\xc4\x1b\xc5\x0e\x68\x67\x28\x3e\xaa\x88"
	"\x52\x4e\xd0\x0d\x4c\x68\x2c\x5c\x8a\x58\x66\x69\x4c\x50\xde\x3a"
	"\x04\xe2\x37\x36\x5c\xab\x4c\x06\x6d\x97\xf5\x01\x14\x90\xe3\x89"
	"\x96\x3c\x19\x90\x0d\x25\x49\xf5\xa3\x0e\xb8\xb2\x49\x3a\xf7\x9d"
	"\x43\x14\x28\x02\x75\x3e\x74\xdb\xf7\x34\x0d\x50\x87\x29\x86\x85"
	"\x35\xdf\xd9\x5a\x34\x2d\x3e\x8a\x01\x8c\x8d\x46\x22\xeb\x4f\xf5"
	"\x76\x8f\x74\x11\xf8\x21\x6b\x32\x14\x1b\x24\x4a\x5d\x5e\x22\xfe"
	"\x6d\x06\x03\x9a\xe9\xe4\xe8\x52\x05\x7c\xc4\x88\x6f\x1b\x4c\xbf"
	"\x50\x23\x4c\x59\x65\x9d\xfc\x95\x83\x96\x51\xe8\x61\x67\x8d\x8c"
	"\xa2\x43\xb5\xb1\x4f\x52\xc7\xe0\xa5\xc7\x5a\x14\x84\xd7\x73\xb7"
	"\xce\xac\xe1\x7e\x0f\x7a\xb2\x32\x5b\x28\xb8\xe9\x71\xa0\x57\xc7"
	"\x57\xbc\xae\x51\x2c\x9d\x3d\xa2\xf8\x8d\xe7\xad\x9c\x1b\xba\x2a"
	"\x90\x26\x15\x97\xd4\xfb\x1c\x16\x4b\xf7\x9c\x6c\xe8\x6c\xcf\xc0"
	"\xcb\x9b\xe1\xf2\xe5\x71\x21\x19\xe8\x34\xc4\xea\x97\xa6\x4a\xea"
	"\x1e\xd3\xb0\x7e\x01\xa5\x00\x5a\x8c\xaf\x27\x6d\xab\x43\x28\xd0"
	"\xa1\xca\xbf\xa9\xc2\xe8\xe0\xe6\x07\xc3\x91\x73\x36\xd6\xb0\x70"
	"\x92\x0c\xf5\x24\x72\x4e\x20\x45\x69\x0f\x31\x5e\x87\xb6\x08\x7c"
	"\x38\x2a\xfb\xc7\xdd\xa6\x49\x0c\x77\xad\x3a\x04\xa8\x6d\xe5\x8e"
	"\xe1\x88\x61\xca\x84\x56\x72\xcc\x15\x66\x4f\x6f\x8f\xae\xab\x45"
	"\x10\x5d\x4e\x2e\x11\x5c\x2c\xdf\x59\xdb\xaf\xa1\x89\xeb\x79\x76"
	"\x4f\x0b\x84\xa4\x68\xa0\xf9\x06\x19\x8c\x3d\xfb\x3a\x85\x69\x4e"
	"\x76\xe1\xcc\x59\x10\xba\x4d\xea\x33\x3b\x80\x8a\x21\x8b\xf0\x60"
	"\xd7\xd3\x49\x39\xbb\x70\xef\x9a\xb8\x60\xa6\xbb\x12\x11\x11\xa1"
	"\xff\x2f\x0e\x09\x82\xbc\x39\xeb\xd8\xc0\xef\x23\x75\xeb\xdb\xf8"
	"\xb6\x14\xee\x12\x44\x00\xf7\x84\xa9\x0f\xf2\xa8\xbc\x86\x9e\x31"
	"\xf0\x3c\xf7\x25\x65\x3a\xb9\x46\x6e\x78\x67\xcd\x0a\x38\x71\x4f"
	"\x64\x9c\x74\x4a\x24\x08\xae\x2b\x50\xb8\xbc\x1c\xc6\x59\x6e\xc6"
	"\x57\x57\xc3\x28\xcc\xe8\xb5\xe7\xad\x60\x93\x85\xf3\xe9\xe5\xc4"
	"\xc9\x64\x54\x8e\xe7\x0b\x37\x88\x82\xbc\xaa\x17\xd4\x7a\x55\x06"
	"\xd7\xb3\x85\x9b\x05\xda\x8a\x20\xfd\x1a\xe7\xd2\x29\x3a\xb3\x7b"
	"\x81\x34\xdd\x59\x62\x82\x4a\x16\xf4\x14\xdd\x44\x88\xc8\x74\x5b"
	"\xc6\x31\xce\x6d\xed\x62\xdb\x7e\x30\xe5\xb1\x60\x23\x84\x28\x86"
	"\x28\xce\x6d\x7c\xd7\x72\x10\x43\x0e\x48\x24\x3a\xe5\x5c\x2e\x9c"
	"\x75\xc3\x14\xb6\x00\xfd\x6b\xab\xc1\xd3\xcb\x34\x79\x5d\x21\x6c"
	"\x16\x9c\xa0\x64\x25\x06\xeb\x96\x82\xa6\x75\xe3\xb9\x1a\x28\x2b"
	"\x93\x30\x57\x70\xe5\x83\xe3\x4f\xd7\x09\xd7\xa0\xdd\x56\x49\x7d"
	"\xa4\x47\xda\xa2\x3a\xdc\x15\x7e\x72\x84\x07\x55\x35\x1e\x53\x56"
	"\x78\xef\x86\xd4\x10\x30\x8b\x42\x24\x3a\x39\x0b\x27\xdd\xed\x92"
	"\xe7\x3d\x12\xb8\xd2\xc1\xdb\x71\xb3\x56\x10\xe4\x55\x9e\xb8\xa7"
	"\x68\x0b\x77\x1b\x38\x6a\xb8\x0a\x52\xec\x64\x49\x63\xa0\x09\xf3"
	"\xc5\xd5\x20\x91\xeb\x69\x78\x74\x1f\x6e\x35\x8d\xeb\xe9\xf1\x38"
	"\x1b\xc4\xc0\xa5\xa7\x5e\x5c\x6f\xf2\xb8\xb4\x36\x74\x23\xf4\x70"
	"\x79\x35\xbe\xe8\x2d\x39\x2c\xa3\xea\xf4\xe7\xc3\xdb\x28\x79\x7e"
	"\x7b\x7f\xfd\x46\xb9\x77\xdf\x46\x6f\x7f\x40\xfd\xf4\x69\xf4\x4e"
	"\x37\xde\xaf\x2f\xaf\xef\x23\x24\xfd\xc0\x7b\x21\xd6\xd0\xa7\xaf"
	"\xf4\x27\x17\xd3\xc3\x18\x9d\x64\x3f\x40\x9a\x2a\x9b\x99\x8e\xac"
	"\x52\x53\x0a\xd8\xed\x14\x92\x85\x04\xbd\x9f\x13\x29\xa0\x64\x47"
	"\xd0\x7d\x55\x41\x6e\x1d\xf2\x99\x8f\xe4\xf9\xfd\xf4\x79\x84\xe4"
	"\xd8\x38\xd7\xbe\x9e\x70\x41\x07\xe7\x6d\x7f\x77\x50\x48\xc3\xa4"
	"\x34\xe1\x00\x30\x0c\xc9\x12\x57\xa3\xfe\xe7\x03\x0e\x02\xfd\xaf"
	"\x6d\x5d\x9b\x97\xb7\xf7\x0e\xa5\x16\x18\x3e\xbc\x7e\xea\x00\xb9"
	"\x1a\xbb\x66\x81\xff\x82\xd4\x2a\x74\xa5\xc3\x05\xaf\x7c\x47\x0b"
	"\x64\x14\xe4\x1f\xc3\x5d\x99\xfd\x4d\x93\x33\xea\x09\xe2\xcf\x90"
	"\x33\x22\x87\x76\xed\xee\xd6\x3d\x75\x63\x58\x31\x3a\x85\x4b\xd3"
	"\xb9\x86\x4a\x05\x89\x1d\x7c\x9a\x24\x83\xe1\x7b\x74\x5d\xe5\x45"
	"\xbd\xb2\x1f\x34\xf5\xf0\xe0\xc0\xe0\xb4\x30\xe0\xec\xc7\x19\x17"
	"\xb1\xd4\x69\xb9\xc3\x4c\xa2\xa7\xf8\xd2\xa5\x38\x1d\x09\x1e\x13"
	"\xe5\x81\xb3\x08\xb0\xc6\xd1\xe9\xdf\xda\xee\x44\x81\x76\x11\xe5"
	"\xe2\x50\xb5\x76\xbe\x20\x64\xbe\x7e\xda\xeb\x00\xb0\x46\x84\x58"
	"\xea\xf1\xb5\x65\x4d\x0f\xa1\xd1\x3b\x52\x68\x8c\x7e\xc4\xd8\xff"
	"\xd7\xdf\x47\xef\x0f\x5f\x4f\x7f\x1f\x85\xd1\x4f\x58\x53\xfe\x06"
	"\x54\x5d\x79\x73\x6a\x29\x2d\x7e\xc3\x0d\x5b\xac\xf8\x66\x47\x03"
	"\x46\x2e\x63\xf7\xd1\xc3\x50\xb5\x16\x3c\x5d\x65\x53\xba\x14\x71"
	"\x32\xcc\xb7\x50\xf8\x82\xb3\x28\x50\x88\x1e\x5b\x64\x3e\x26\xfe"
	"\x0e\xdd\x2b\xc5\xea\xed\x48\xa3\x84\x7d\x44\xcd\x6f\x02\x96\x40"
	"\x58\xff\x45\xab\x81\xa5\x78\x60\x3a\x74\xdf\xec\xf5\x8c\x19\x94"
	"\x8c\x82\xa7\xb7\x33\x18\x18\x64\xc8\x41\x73\x06\xa9\x44\xb4\xdb"
	"\xef\x40\xc1\xbb\x20\x30\x9d\xc3\x5d\x31\x0c\x17\xc0\x1e\x19\x31"
	"\x94\x70\x8f\xb8\x4b\xe9\xc9\x1a\x12\x30\xed\x50\x0c\xc2\x99\xd8"
	"\x49\x57\x41\x59\xd3\x89\x8d\xd8\x7e\xf0\x32\x24\xb8\xf2\xf0\xb8"
	"\x5e\x4e\x6b\xc6\x77\x52\x32\x48\xb3\x73\x48\xcb\xed\x71\x32\x80"
	"\xb3\x8c\x27\xfe\x5a\x9a\xe1\x35\xbd\xab\x8f\xf8\x07\xba\xab\xc4"
	"\x7d\x13\x60\x76\x36\x78\x29\xf5\x33\x0b\x1a\xd7\xa0\x31\x88\x30"
	"\xd8\x1f\x41\x88\x84\x5f\xfe\xe2\x41\x10\x0e\xb3\x17\x24\xe1\xd5"
	"\x20\x03\x84\x00\x16\x07\xaa\x48\xc2\xeb\xd9\x10\x42\x76\x18\x6c"
	"\x41\x76\xd8\x67\x9e\x1d\x8e\x87\x35\xe5\xdb\xc1\xb8\x18\x60\x80"
	"\x1e\x39\xac\xa9\x6e\x8f\x9a\x18\xd5\x4f\xdc\xf0\x0c\x89\x12\x78"
	"\x75\xdc\xc6\x77\xd8\x01\x9c\x75\x18\x9c\x81\x03\x8b\xc1\x19\x6e"
	"\x69\x5e\x4d\xcf\x21\x4c\x06\x11\xc8\xde\xbf\xca\x6f\x2d\x71\xc9"
	"\xc9\xb7\x5f\x95\x9b\xd0\x5a\x4b\x79\x0c\xaa\xcf\xdd\x5d\xaa\x5f"
	"\x10\x89\xc4\x82\x8a\xb2\x64\xcb\xc9\xdb\x50\xa8\xa3\xbb\x10\x06"
	"\xe2\x06\x47\x0a\xab\x43\x8a\xdf\x6b\x3a\x6b\xa3\xe6\x01\xaf\x15"
	"\xe4\x41\xef\x58\x3c\x81\xd0\xcb\xd1\x6b\xea\xd6\xd9\x3a\x70\xb0"
	"\xed\xb1\xb6\xa1\x4c\x4f\xee\x95\x85\x8b\x97\x48\xe1\x26\x79\xb5"
	"\x07\x47\x94\x1d\xa7\xe3\xeb\xf1\xc0\x14\x4a\xf2\x81\xb1\x47\x11"
	"\xd4\x3d\xa6\x19\x5c\x39\xe0\xb0\xc7\x72\xdf\x82\x14\x77\xb0\xaf"
	"\xf6\x73\x87\x1c\x65\x97\xd3\x70\x81\x45\x66\xe2\x47\xba\x85\x3c"
	"\x11\x38\x76\x3c\xf1\xdc\xb6\xb8\x9e\xdb\x34\x18\x58\xef\x18\x25"
	"\x0a\xa7\xd7\x97\x7f\xfa\xeb\x09\x88\x97\xeb\x2b\xf7\xa1\x9f\x29"
	"\xdc\x45\x57\xe3\xeb\x81\xe6\xf4\xde\xfe\xec\xbe\x80\xbe\x7b\x78"
	"\xb1\xca\xb3\xc5\x85\xe7\x6a\xcf\xf5\x37\x7b\x0f\x46\x7a\x16\x26"
	"\x03\xcb\x6e\xe4\xd6\xcc\x30\x91\x1d\x34\x7c\xdc\xad\xc8\xd1\x63"
	"\xad\x1a\x7a\x90\xb3\xa9\x08\xac\x35\x90\xe0\xc9\x31\x5b\xf0\x5d"
	"\x4a\x50\x97\xb1\xad\x6a\x9b\x0d\x24\x73\x8f\xba\xa5\xcf\xfe\xa1"
	"\x29\x87\x44\x57\x94\x5a\x18\x07\xc3\x76\x8e\xb5\x30\x39\x41\x80"
	"\xd9\x1e\xdd\x24\x5f\x46\xf0\xc0\xe8\xf5\x8a\x66\x9a\xab\x59\xb1"
	"\x02\xb7\x87\xae\x9e\xe7\x70\xc9\xe4\x14\xc6\x98\xd1\x9c\x05\xd4"
	"\x57\xc3\x1e\x87\x28\x04\xc7\xb2\xbd\x99\xda\x5a\x78\x72\xb7\x4d"
	"\x61\x96\x38\x39\x00\x99\x99\x75\x9a\x03\x67\xd4\xbc\xdc\xf8\x74"
	"\x4e\x48\x0f\x8e\x7c\xa8\xe4\x2d\x70\x48\x28\x11\xac\x4f\x6d\x8a"
	"\x2a\x7a\x42\x96\x6d\x64\xed\xec\x20\x06\x6e\x55\xbe\xd6\x92\x33"
	"\x82\x3d\x72\x24\x69\xef\x08\x07\x4f\x1f\xe3\xc2\x7d\xd3\x00\x4c"
	"\x05\x09\xea\x44\x7d\x97\x84\xe1\x27\x15\x58\xb6\xf5\xad\x80\x95"
	"\xa5\x51\x47\x92\xd0\xfa\x77\x8c\xf1\xdb\x02\x30\x92\x52\x01\x23"
	"\x64\x05\xea\xa3\x32\x8f\xa3\xe0\xd6\x31\x45\x2c\x23\xdd\x30\x5b"
	"\x56\x60\xf9\x91\x02\xe9\xd2\xf2\x14\xfb\x30\x6e\x4f\x89\x68\xa4"
	"\xae\x22\x38\xb8\x2c\x15\x5a\xf8\x2a\xb6\x9c\x2f\x01\x18\x30\xdb"
	"\x07\x14\x0b\xa4\xca\x12\xe2\x5e\xc9\x81\x41\x0f\x7b\xfe\x14\x8b"
	"\x40\xc0\x9b\x10\xc7\x3a\x56\x1c\xca\x96\x4a\x11\xd9\x58\x38\x28"
	"\xe3\xe2\x06\x6b\xa2\x1d\xd4\x85\xcd\x05\x4a\xe7\xb4\x71\x4f\x7d"
	"\x54\xb4\xdc\xdd\x39\xa9\xeb\x08\x07\x5e\xd5\x27\xcc\x7a\x31\xe0"
	"\x65\x51\xbe\x91\x91\xf7\xe7\x68\x3c\xbd\x9e\x8d\x7e\x84\x9d\xd7"
	"\xe9\x0e\xff\xfb\x9b\xb8\xe4\x1b\xe6\x61\x1e\x16\x93\x51\xac\x24"
	"\xd0\x03\xe2\xc9\xaa\x74\x0d\x31\x65\x67\x41\xfa\xd4\x76\x16\x67"
	"\x89\x30\x30\x22\x93\x3d\xdb\x8a\x76\xb9\x43\xe0\x6c\x79\x81\x62"
	"\x7d\xb1\x1c\xa2\xd0\x84\xc1\x0a\x06\x53\xc2\xc9\x12\x51\xf4\x68"
	"\xb3\x93\x01\xbf\xcf\x0a\x86\xf8\x4e\x7a\xb0\x00\xf5\xba\xd2\x20"
	"\x90\x86\xcf\x81\xff\x70\xf4\x41\xc8\x5c\xc7\x63\x3a\xb6\xf6\x44"
	"\x0c\x00\x0f\x88\x28\xe1\x64\x0f\xcd\xc5\x8c\x82\x4b\x8b\xd5\x41"
	"\x7a\x92\xc1\x41\x43\x0a\x0e\x3f\xeb\x03\x4b\xbc\xc0\x15\x19\x76"
	"\xf1\x4e\x8a\x07\xdf\xf3\x04\xdc\x0d\xec\x71\x64\x86\x01\x2c\x8f"
	"\x40\x56\x52\xe3\x21\xc6\x86\xa6\xad\xc6\xab\x7d\x0f\x65\x28\xde"
	"\x75\xdf\x5f\x9f\x7e\xfd\x46\xca\xa5\xf2\x3f\x4f\x88\x82\x38\x0a"
	"\x5e\x61\xcb\xf0\x7e\x7a\x7c\xff\xf6\x2a\x6d\xe9\x75\x6b\xc0\x57"
	"\x5c\xa0\x9e\x76\x28\x51\x5b\x60\xdb\x18\xed\x8a\x7a\xaa\x54\xbe"
	"\x86\xa5\x03\x5e\xfa\x3c\x07\x28\x84\x23\x43\x76\x79\x6b\x46\xe8"
	"\x1a\x04\xbd\x20\x0a\x90\x02\xc6\x5a\x4d\xf4\x27\xd2\x99\x15\x34"
	"\x2b\x64\x7b\x1d\x04\xd6\xb1\x9d\x60\x29\xae\xc6\xd3\xb1\x75\x06"
	"\x72\x14\x4a\x71\x2d\x83\x6d\x11\xab\x1b\x4c\x5b\xf0\x04\x0a\x85"
	"\x95\xb5\x44\xb9\x8a\x56\x31\x27\x38\x37\xc5\x60\x2e\xe7\x3b\xe1"
	"\x6a\xed\x5f\x55\x9e\x6b\x44\x16\x20\x7b\xac\x1c\x43\x78\x42\xa7"
	"\xf7\x2b\xee\x88\x33\x02\xb0\xcf\x36\x41\x16\x2d\xc6\xe3\xb1\xf7"
	"\xf1\x2b\xa7\x21\x34\x75\x9f\x66\x51\xb6\xc6\x0d\xff\x1c\xb3\x58"
	"\x17\xb6\x55\x62\xbd\xf9\x06\xb7\xab\x3b\x6b\x45\x75\x08\xce\x8a"
	"\x2e\xdd\x8e\x28\xec\xa8\xd8\x75\x2d\xdb\x9d\xa0\x4a\x3d\x0c\x56"
	"\xe9\x58\x4a\xa3\xed\x03\x00\x2c\xb6\x2d\x88\x7b\x4a\x07\xe9\xb9"
	"\x51\xb2\xc7\x31\xc2\x6e\x26\x7f\xa9\xb7\xcb\x05\xce\xc1\x92\x91"
	"\x7e\x73\x55\xc8\x6c\x7e\x1f\x31\xbc\x2c\x67\xee\xb3\xfb\x32\xcc"
	"\x68\xb5\xb2\x66\x76\x5b\x08\x9a\x12\x59\x95\x01\x84\xbe\x51\x57"
	"\x25\xeb\xdd\x76\xea\x2c\x43\x6a\x17\xab\xd5\x86\x1a\x6e\xf8\x70"
	"\x55\xef\xbe\x44\x18\x30\x0a\x5a\xec\x39\x1b\x1c\x22\x60\x9a\x1c"
	"\xc4\xcb\xad\x75\x46\xeb\x97\xa1\x02\xd8\x9a\x65\x19\xac\xc1\xae"
	"\xb3\x87\x58\x32\xc2\xe0\x90\xec\xad\x1b\x72\xb5\xd9\xc3\x6b\x1a"
	"\x46\x41\xb8\x85\x79\xbc\x2d\x25\xca\xc1\x6d\x96\x2f\x51\x96\x6b"
	"\xb7\x94\x24\x4e\x61\xe3\xe8\xd6\x29\xee\x28\xb7\x82\x6c\x55\x9a"
	"\xc0\xcd\xc3\xe7\x79\xd4\x00\x6b\x9b\x31\x87\xb8\x60\xc1\x8e\x43"
	"\x86\x24\x0c\x43\x6d\xfa\x54\x57\xee\x79\x61\xc0\xee\xe1\x60\xc0"
	"\xee\x71\xd9\x82\xcf\x72\x06\x6d\x9d\xc5\x57\x77\x49\x74\x34\x06"
	"\x3b\x47\xb2\xb5\xa6\xd7\x3a\xc6\x69\x16\x2f\x86\x8e\x75\xcf\x0c"
	"\xc4\xa8\x33\x4f\xfa\x84\x61\x6d\x27\x25\x44\x23\xa7\xda\xa7\x76"
	"\x68\x23\x47\xa9\xae\xb3\x42\x94\x4e\xdc\xb6\x21\x48\x3f\x1c\x51"
	"\x06\x6a\x39\xc1\xfa\xf4\x90\x60\x09\x16\x6d\x92\x11\xe8\x34\xcf"
	"\xf2\x1e\x7f\x0c\x37\x1c\xa9\xc5\xb4\x57\x7d\xa9\xb7\x79\xa9\x2f"
	"\x7b\x14\xf4\x17\x67\x58\x7b\xb5\xe8\xd7\xbf\xc1\xfd\x8b\xf6\x33"
	"\x6b\x57\xd9\x24\xc7\xcb\x4d\x34\xa9\x91\xa7\xd5\xbd\x26\x52\x29"
	"\xd8\x81\xfb\xc1\xf9\xc5\xcc\xbb\xb5\x6c\xb6\xd6\xde\x69\x9a\x80"
	"\xef\x14\x11\xc6\x3d\xeb\x08\xd8\x6d\x8d\x2c\x69\x0d\x5c\x47\x33"
	"\xad\x69\xb6\xc9\x3b\xba\x1e\x47\x81\x7d\x70\x17\x5b\x4a\x2c\x5c"
	"\x58\x6d\x05\x55\xbf\x50\xb2\x80\xa9\x45\x27\x5f\x96\x3e\x10\xb1"
	"\x45\xa2\xec\xe6\xb8\xc3\x82\x69\x0c\x01\xac\x4d\xc3\x86\x58\xe3"
	"\xc9\x80\x92\xb5\xb5\x1a\xca\xef\xf6\x9c\x6c\x21\xd8\xc1\xe5\xd0"
	"\xb4\x00\x9e\x4a\x68\xd3\xf7\x91\x9b\x5d\x78\x0a\x01\xe0\x2b\x63"
	"\x4f\x0e\xc3\xc1\x2a\x1b\x5f\xb8\xe7\xd4\x2f\xf6\xab\x7d\xbf\x07"
	"\xa0\x77\xc5\x9b\x86\xf5\xa8\x91\x1d\xc8\xba\xcd\xd9\xd4\xf2\xc6"
	"\xe3\x22\x50\xde\xdc\x5b\x9b\xa9\xa3\x22\xd4\x82\x64\x3a\xd6\xcc"
	"\xcd\xd2\x23\x46\xbd\x75\x92\x35\x6d\x02\xec\xb2\xf7\x38\x2d\xa1"
	"\x25\xfc\x69\x7c\xe6\x32\x28\xbc\xb2\x6e\x9b\x0e\x7e\x92\x10\x9e"
	"\x92\x72\x80\xdd\x94\x8b\xc5\xcc\x6a\x85\xa9\x8e\x40\x1e\x83\x55"
	"\x05\xaa\x33\x8f\xd5\xcc\x4d\xf9\x11\x54\x7b\x0f\xa9\x6e\x7e\x76"
	"\xbd\x45\x6a\x1b\x4e\x16\xbf\x78\xec\xdf\xb0\xc3\x1f\x27\x33\x40"
	"\xdd\x83\x1f\xd2\xbe\x9a\xd9\x2e\xb5\x9e\x5a\x4b\x6c\x0f\x10\x84"
	"\x03\x7a\x5f\x58\x33\x3a\xc3\xef\xf1\x85\x67\x08\xac\x10\x67\x78"
	"\x6b\xed\xee\x7d\x82\x88\x38\xa1\x2b\x33\xa2\xd5\x9f\x9c\xc3\x6d"
	"\x5b\x2e\xa6\x0b\xdb\x68\xc8\x41\x13\xa1\x80\x10\xd2\xc7\x5a\x8f"
	"\xcb\x89\x67\x00\x1f\x8e\x36\xf7\x4e\x72\x48\xef\xba\xe3\x90\xbf"
	"\x2d\x93\xab\x5c\x32\xe8\x28\xe5\x16\xe0\x02\xfe\xbe\x72\x88\x6d"
	"\xe3\xc9\x8d\xe7\xb5\x82\xb6\x53\xbd\xf4\x6d\x91\x83\xda\xbe\x06"
	"\xe0\xe9\x22\x84\xb5\xbb\x6d\x77\xd7\xe7\x02\x59\x01\x65\x6d\xc0"
	"\xdf\x59\xdb\x51\xbf\x84\xce\xba\x89\x68\xe1\x48\x80\x66\xdd\x15"
	"\xe0\x2e\x0f\x6f\x35\xeb\x41\xc6\x88\xe3\x1e\x73\x79\x77\xb7\xb2"
	"\x3d\x81\xfa\xc4\x95\xfe\x5e\x72\x04\x65\x3d\xcc\x56\xac\x41\x62"
	"\x88\xde\xa6\xde\x83\xf7\x6d\x6a\xf7\x9a\x29\x03\xa1\x1d\x91\x4b"
	"\xbd\xb3\xcf\x18\xf0\xad\x53\x31\x2b\x24\x4d\x9a\x18\x5c\xbc\xad"
	"\x43\x2f\xdc\xb4\xaf\xb0\xa1\x78\xcd\x53\x94\x5f\x51\x67\x27\xd7"
	"\x8d\x2f\x32\x10\x77\x4e\xa5\x22\xb2\x0e\x4f\xc5\xfc\x62\x66\x4d"
	"\xdb\xbe\xf4\x28\x6e\x77\x15\x53\x96\x2d\xd3\x9e\x05\xf4\x5d\x9e"
	"\xb7\x66\x02\x55\x3b\xf7\xaa\x5d\x2c\xc6\xf3\xeb\xe1\xf1\x5b\xe0"
	"\xa8\x80\x07\x3a\x37\xeb\x14\x5e\x9a\x9c\xda\xfa\x3c\xc2\x57\x16"
	"\xa7\x36\x2b\xd8\x76\x49\x7b\x5e\xf7\x28\xe3\x28\x19\xc7\xc2\xcd"
	"\x4e\x74\x09\x54\x41\x50\x4f\xe0\x7f\xd6\xed\xa5\xf4\xa8\xc4\xf0"
	"\x9d\x9c\x2d\x41\x7f\xb8\x7d\x38\xb3\x05\xf6\x0a\x11\x5e\x23\xe0"
	"\x80\x75\xb8\x77\x30\x99\x58\x53\xa2\x4c\x4a\x18\x38\xca\x8a\x4c"
	"\xcf\x00\x34\xb6\x5d\xfb\x1d\xd4\xb2\xd2\x1a\x03\x65\x16\x5e\xdb"
	"\x0a\x15\x43\x2e\xce\x93\xd0\x77\xdc\x29\x41\xe6\x7a\xec\x29\xc8"
	"\xc0\xd9\xb9\x25\x13\x4e\x97\x58\x30\xad\x78\x00\xb2\x07\x2a\x58"
	"\x4e\x15\xd6\xad\x03\x6e\xfc\x18\xf0\xdf\xd1\xab\xb6\xc2\x6e\x03"
	"\xb7\x93\xfb\x0c\xe3\xd8\x2d\x33\x8c\x1c\xdb\x72\xdb\xb4\x1f\x61"
	"\x41\x4a\x9c\x1e\x9d\xc5\xb6\x89\x95\xa6\xc2\x21\xe7\xfb\x2d\x7c"
	"\x96\xd8\x8d\xdf\x10\xa4\x27\xde\x63\xda\x3d\x9e\xf7\xcb\x56\xf1"
	"\x66\x6f\x3f\xc5\xaa\x2f\x92\x13\x47\x29\x6b\xd9\x85\xf9\x5b\x98"
	"\xe3\x74\x12\x78\x14\x94\xc8\x36\x78\x66\xb4\x1e\xec\xd5\x1f\x3f"
	"\xeb\x02\xa7\x69\xf7\x79\x91\xa0\x14\x49\x21\xc4\xc3\xc6\x30\x9b"
	"\x77\xc9\x47\xb5\x3c\x19\xb1\xa8\x2f\xf5\xdd\xa5\x6f\xb0\x19\x84"
	"\xa9\x67\xe0\xaf\xa2\xc8\xdd\x4d\xb8\x6e\xd9\xf6\x7d\x5a\x6c\x74"
	"\xb6\xc4\x93\x01\x19\x29\xb7\x4b\x0a\x7f\xec\x78\x49\xa8\x6f\x61"
	"\x46\xee\x1f\x9d\xd5\xd6\xf0\xaf\x70\x92\x0a\x5e\x5e\x9e\xe0\x44"
	"\x54\x1b\x08\xe3\x95\xe9\x58\x7b\x83\x0d\x34\xd5\x33\x16\x39\x0b"
	"\xc3\x45\x58\x8a\xd2\xae\xef\xcc\x5d\x8e\x89\x61\x8e\x22\xf2\x6a"
	"\x92\x78\x74\xf2\xc4\xd5\x2e\x24\x85\xa7\xbf\x1a\xad\x12\x91\x08"
	"\x5a\x84\xc8\x1f\x09\x6b\xa6\x56\x7a\xe5\x1d\xbe\xe0\xa7\x61\x13"
	"\xd1\x18\x28\x21\xf3\x1a\x2a\xdc\x1a\x20\x49\x82\x55\xd7\x60\x6c"
	"\x44\xdf\xb5\xad\x5d\xab\xd8\x36\x14\x48\x63\xd9\x29\xd9\xc2\xb4"
	"\x9e\xd2\x8f\x70\x5c\x2c\xae\xae\xe7\x48\x8d\x6d\xd7\xdd\x52\xa8"
	"\x16\x08\xf6\xe2\x05\x43\x6d\x47\xa6\x3b\x43\xf0\x05\x10\xfc\xf0"
	"\x02\xce\xfd\xd8\xd6\xbd\x08\x21\xa2\x88\x20\xd8\x86\x8f\x3d\x5c"
	"\x2b\x48\x83\xe2\x85\x47\x50\x94\x0d\x91\x8f\x72\x3a\xb6\x22\x08"
	"\xa0\xa7\xf9\x04\xaf\x42\x68\x93\x07\x31\x16\xb3\xc5\x30\x7c\x0e"
	"\x07\x56\xbb\x06\x3d\x3e\x56\xc9\x11\x03\x00\x30\x39\x26\x92\x10"
	"\x11\x19\xe1\x2a\x6b\x97\x30\x5d\xa2\x1c\x00\x8f\x77\x01\x42\x42"
	"\x79\x50\xa0\x0f\xc3\x0e\x30\xbe\x18\x8f\xa1\x0d\xf4\xe1\x20\xd5"
	"\x96\x0f\xa6\xaf\x9a\x67\xe1\xb8\x61\xf8\x71\xf8\xd6\x36\x08\xe6"
	"\x4b\xd4\x77\x60\x54\x7e\xf1\xf3\xfe\x47\x17\x15\x2f\x19\xdc\x5a"
	"\xb0\x83\x22\x9a\x8b\xaf\xb1\x30\xda\x1f\x28\xae\xcf\x76\xde\xd2"
	"\xfa\x38\xe6\x87\xe3\x48\x46\x77\x45\x2f\x02\x9d\x03\xfc\xc0\x0a"
	"\x2a\x93\xa3\x75\xa3\x31\xe3\x80\xac\xaa\xb1\x49\xc0\xdf\xc4\x5b"
	"\xfc\x80\x07\x9e\x12\x71\x73\x7c\x4d\x3f\x42\x3f\xb6\xc5\x6a\x8b"
	"\x55\x66\x52\xd0\xbf\xe5\xfa\x63\x2a\x22\x19\xc3\xe5\x14\xd7\xe7"
	"\xeb\xeb\xcb\xcc\xa5\xcf\xce\x73\xd2\x41\x35\x6b\x5e\x0e\x5f\xde"
	"\x92\x66\x75\xe7\x23\xcc\x77\x61\xad\x22\xf6\x12\x14\xd3\x71\xe2"
	"\xed\xd2\x59\x2e\xb3\x18\x13\x16\x5b\x1e\x68\xf5\x64\x5b\xcd\xce"
	"\xa2\x25\xe3\x37\xa3\xcc\x2e\x9d\x74\xbe\x18\xb3\xd8\x96\x02\xdc"
	"\x2e\x10\x3c\x03\x69\x83\xe4\xfc\xc3\x23\x98\x25\x71\x8d\x5e\xa6"
	"\x1b\x3a\x14\xea\x5f\xe4\x66\x42\x27\x31\x15\xec\xc3\x3a\x7c\x12"
	"\x28\x44\x28\x4d\xa7\x30\x09\x78\x03\xfd\x9b\x7d\x41\x34\xb2\x26"
	"\x70\x0e\x8b\xc0\xd2\x13\xf3\x80\xe0\x45\x95\x2e\xc6\xb6\xf3\x8d"
	"\x60\x4a\x41\x2d\xef\x66\x2a\x44\x3a\x06\x18\x71\x79\x79\x02\x0e"
	"\x9a\xe3\x05\x6f\x4a\xf7\x85\x85\x48\x27\xf9\xa6\xd3\x1c\xcd\xce"
	"\x5d\xe7\x24\xdf\x44\xbc\xaa\xef\xec\xa8\x68\x02\xbd\xb9\x58\x07"
	"\x51\xa6\x6e\x54\x2e\x18\x87\xed\x36\x22\xc3\xeb\x59\xdf\x7e\x48"
	"\x42\x2f\x7b\x17\x79\x09\x9d\xdf\xb8\xcf\xbc\x77\x49\x3a\x9f\x8c"
	"\xad\x3b\x84\x93\x97\xcc\x56\x4d\x21\xbe\xa3\x1d\x2c\xd8\x51\xc8"
	"\xf9\x30\x06\x0b\xd2\x55\xe7\xf0\xe4\x28\x1a\xea\x57\x06\x07\xa8"
	"\xa7\x86\x4d\xf2\x3b\x34\xc0\x6a\x81\x69\x38\xc1\x26\x36\xcc\x43"
	"\xb2\xc0\x85\x4c\xce\x8e\x0d\xac\x49\x02\x6b\x7e\x18\xa2\x78\xc5"
	"\xcc\x3c\xfe\x6c\x08\x83\x58\x66\xce\xf0\xdf\x34\x48\x9a\x5e\x77"
	"\xa8\x38\x71\x7c\x42\x34\x31\x8f\x39\x78\x76\x87\x30\x63\xf6\xdb"
	"\xbb\xa3\x15\x19\x22\x9b\x62\xdd\x11\x59\xb0\x65\x9d\x05\x2c\x3c"
	"\x64\x86\x6c\x0b\x66\x2e\xf6\x0e\xb2\x10\x4c\xbb\x1c\xc8\x52\xa5"
	"\xd0\x2b\xc8\xef\x7c\x5b\x71\x10\xfa\x08\xff\xe1\xde\x02\xf2\x31"
	"\x1a\x4f\x6c\x3b\x43\x47\x49\x3e\xde\xc5\x5b\xfb\x09\xe9\xb6\xda"
	"\xd2\x40\xc2\x32\x12\x14\xd8\xf5\xe0\x30\xec\x9d\xd5\xb4\x80\x15"
	"\x94\x3d\xbe\x26\x3e\x9d\x68\x87\xa4\xa8\x10\x95\xc1\x0e\xee\xd0"
	"\xb0\x12\x22\xca\x08\xb9\x51\xc3\xda\x2d\xc6\x25\x0a\x37\x9b\x56"
	"\x22\x61\x0a\x2b\xdb\xb4\x31\xb9\x31\x63\x84\x8b\x50\x7c\x3d\x78"
	"\x20\x3a\x2b\x34\x08\xbe\x00\x7c\x8c\x40\x6f\x4b\xbc\xb1\x0f\xd3"
	"\x98\xd9\x95\x68\xbe\x99\x02\x2e\x8f\x76\x4c\x2f\x55\x31\x8e\x02"
	"\xe5\xc1\x5a\xba\x65\x21\xbc\x51\xd3\x64\xe0\xa3\x79\xfc\xfc\xf0"
	"\xeb\xe7\xd3\xe8\xee\x89\x22\xb2\xfd\xa8\x43\x62\x52\xc4\x87\x17"
	"\x15\x7c\xeb\x6f\xa3\xf7\x97\xd1\xdb\xe9\x34\x7a\xff\xa3\xc1\x72"
	"\x1c\xdf\xef\x7c\x72\xcf\x8e\xe8\x1d\xeb\xe9\xc7\xc8\x10\x00\x0a"
	"\x56\xe2\xb9\xb2\x50\xa7\xae\x1c\x61\xc6\x4c\xf1\xa4\x8c\xdc\x7d"
	"\x0d\x1f\x5c\x29\x4e\x6e\x65\xf2\xfc\xf5\xdb\x7b\x73\xfd\x68\x3d"
	"\xb3\xb4\x50\x38\x6a\x5c\xdb\xe7\xfc\x13\xd6\x3e\x1c\x61\x4e\xa2"
	"\xd4\x2b\x24\x33\x8a\x33\x1d\xee\xb0\xe5\x84\x82\xce\x71\x60\x53"
	"\xb4\x47\x56\xdd\xc1\x28\xe1\x50\x5f\xc6\x37\x88\x8d\x31\x80\x84"
	"\xe8\xd5\x45\x72\xec\x22\x71\x23\x28\x1c\xcc\xe7\x07\x84\x81\x79"
	"\x82\xbb\xd9\xeb\x6f\x0f\xf0\xd6\xe2\xef\x16\x8b\xd9\x0e\x21\x06"
	"\x87\xf9\xf8\x65\x77\xdf\x41\xb0\x28\xc4\x07\x40\x21\x8d\x0e\xf7"
	"\xf1\x01\x79\x2a\x06\x18\x87\x09\x24\xc5\x24\x70\x6f\xbe\x4a\xa4"
	"\x40\xc1\x79\x6a\xe9\xde\x83\x11\x7f\x03\xef\xbb\xbb\x3d\x4c\x21"
	"\x39\xfe\x9a\xf5\x04\x29\x3a\xb1\x17\xd1\xc2\x62\x1e\x55\x2c\x77"
	"\x70\xe4\x90\xfc\x37\xdf\x10\xaf\xd8\x9a\x12\xa6\x81\x02\x21\xbf"
	"\xbc\x5c\x2c\x9c\xad\xec\x20\xb9\xf4\x9b\x2d\x4a\x75\xb3\x74\xb3"
	"\x70\x8b\xfb\x8c\xc7\x9d\xd8\x94\xbe\xad\x26\x63\xcf\x13\x8c\xc1"
	"\x89\x68\xb9\x47\x9e\x92\x62\xbe\x70\xbb\x75\x1a\xcc\xf4\x06\xbc"
	"\xc8\x16\x69\x79\x19\x04\xd2\x52\x38\xc5\xc5\x7e\x73\x14\xaf\xd7"
	"\xd6\x6a\xf7\xc5\x56\x61\x21\x9c\x8d\xdd\xbe\xa1\xa6\x1a\x20\x2d"
	"\x66\xe3\x33\xb2\x55\xa3\x5f\x72\xdb\xaf\x2d\xcd\x16\xd3\x89\x7b"
	"\x49\x31\x95\x11\xce\xf4\x0c\x0e\x16\xbc\xab\xe9\xa5\xd5\x8f\xfd"
	"\xca\xb2\xd0\x1a\x87\x0e\x84\xbc\x18\x4f\x2c\xb5\x6e\x1f\x07\x3e"
	"\x31\x95\x47\xf3\x62\x38\xa6\x98\xd9\xf4\xbc\x78\xa6\x3a\xad\x00"
	"\x1f\x96\x50\x59\xed\xee\x02\xdc\xac\xcf\x60\xed\xb7\x9d\x91\xd1"
	"\xe7\x7c\x87\xc5\xca\x6d\x52\x62\x18\xaf\xb2\x89\x9a\xb6\xf8\x32"
	"\x5c\xe1\x91\x66\xc5\x30\x4a\x18\xe4\xd0\x34\xbb\xcf\xf7\xa6\x46"
	"\xa8\x6b\x9c\x54\xd4\x22\xc3\x0b\xa0\x84\x5b\xeb\x03\xd6\x3e\xf8"
	"\x81\x22\x0b\x80\x58\xdf\x9a\x6f\x30\x4d\x46\x28\x48\xf7\x1a\xd7"
	"\xe2\x4c\xdd\x4d\x68\x11\x3c\xfa\x49\x83\x10\xee\x96\x1e\x93\x77"
	"\x83\xb2\x5e\x79\x4c\x56\x5a\x8c\x4e\x8a\x6c\xd3\x75\x16\x46\x6d"
	"\x47\xcb\x77\x20\xc1\xfb\x21\x45\x68\x46\xf7\xaa\x6d\x68\xd1\xa1"
	"\x1c\xd1\x04\xcf\x60\x95\x49\x04\xcb\x67\x32\xe0\x92\xe2\xef\x57"
	"\x5a\x65\x9e\x75\xb8\xad\x8f\xdf\x1f\x87\xa9\x20\x88\x2f\x5e\x61"
	"\xcf\x54\x95\x21\xc4\x20\x99\x01\x0c\x93\xc2\xc6\x1c\xc6\x3b\x3b"
	"\xa8\x5f\x9f\x6d\xc6\x5a\x76\x12\x4f\x38\xd0\xc8\xcd\xf8\xac\x08"
	"\x10\x21\x0c\xad\x1d\x66\xeb\xe3\x26\xde\x6e\xf6\x96\xa6\xa2\x5f"
	"\x5d\x50\x5e\x42\x41\x36\x4c\x08\x35\x51\x8c\x4f\x89\xa4\x27\x85"
	"\x91\xf8\x31\x0f\x68\xc3\x72\x7d\xc6\xa9\xc7\x07\xe9\x46\xe1\x35"
	"\xe4\xf2\x92\x08\x7a\x9f\x34\x5b\xbc\x63\x61\x6d\xc9\xd6\x5c\xe5"
	"\xb4\x7d\xe2\x16\xa2\x7e\x23\xee\x29\x22\x30\x86\x31\x34\xaa\x2d"
	"\x5b\x12\x84\x2c\x14\xf2\x96\x24\x40\x6b\x98\x7e\x3b\xcb\x20\x86"
	"\x0a\x4e\xb0\xc2\x09\x59\x14\xba\xa1\xf4\x81\x28\x65\x44\x2f\x60"
	"\x43\x3a\x0e\x8d\x86\xf8\x28\x09\xd4\x76\x77\x01\x4e\x3e\xd6\x4a"
	"\x6a\x37\x95\xce\x3d\x25\x14\x54\x31\x3d\x1a\x6a\x10\x1f\x86\xd4"
	"\xc7\xfa\x98\x04\x3b\x1c\xea\xf9\x13\x0c\x1f\x2a\x84\x5e\x71\x23"
	"\x6e\xab\xe9\xfc\xcf\x3f\xff\xac\xe9\x82\x1b\xa5\xd4\x03\x1e\xbc"
	"\x03\xb4\x3e\x94\x7a\x4c\x39\x9d\x3b\xaa\x84\xef\x0f\xe2\x74\xea"
	"\xe8\xa9\x6d\xeb\x5b\x4e\x71\x9e\x2a\xaf\x16\x9e\x98\x10\x92\xf9"
	"\x20\xba\x5a\x5c\x5d\xc9\xe1\xe7\x21\x07\x34\xf7\x7e\x6c\x53\xb3"
	"\x86\x8c\x9b\x54\x31\x46\x84\x70\x0a\xe2\x7a\xbe\x56\x52\x75\xd4"
	"\x99\x6d\x15\xeb\x26\xba\xdf\xd5\x79\x72\x0c\x13\xf7\xa2\x23\x79"
	"\x5c\xee\xa1\xb3\x18\xbb\x0f\x20\x3d\xbc\xc9\xf9\x36\x93\xee\x15"
	"\x0f\xa8\x75\x12\x6e\x17\x53\xcf\x21\x4a\xd2\x0d\xef\x17\x61\x95"
	"\xad\xc7\xb6\xe6\xc7\xd9\xaa\xf0\xbe\xaa\xca\xdc\x6f\xda\x64\x93"
	"\x25\xdc\xd9\xf7\x21\x47\xf7\xf0\x30\xf3\xb8\x61\x49\xa2\x30\xfc"
	"\x80\x23\x5a\xc7\x3f\xc0\xc9\x6a\x0c\x3d\xf1\xd9\xfe\x84\xda\x31"
	"\xb5\xa3\xc1\xba\x69\x31\x1a\x85\x2f\xc2\xf4\x3c\x4f\xf4\x18\xe2"
	"\x41\xd2\x7d\xd5\x97\x6d\x59\xed\x91\xbe\xa2\xb4\xde\x8b\x9d\xb5"
	"\xaf\x77\xbb\x28\x71\x1f\x73\x24\x39\xa4\x6c\x40\xf4\x95\xb3\xdc"
	"\x41\xff\x8d\xe1\x76\x9e\x5c\x39\x2f\xef\xaf\xe6\xee\xcd\x42\x56"
	"\xbb\xde\x6f\x3f\xba\xd5\x2d\x12\x2b\xbe\xa9\x56\x93\xf1\xe4\xfc"
	"\xbc\x86\x3b\x9d\x7b\x03\xb6\xa8\x79\xe2\x44\x49\x1c\x5e\x44\xeb"
	"\x3b\xaf\xeb\x6a\x1f\xf7\x7b\x16\x00\xdc\x03\xc6\xe3\x85\xad\xa5"
	"\x72\x76\x1a\xee\x02\x97\xdf\x33\x08\xb2\xac\x1c\x8f\xad\xb5\xde"
	"\x4d\x0e\x99\x33\x10\x4a\x22\x4b\x3c\x27\x6c\xd9\x9a\x8c\x7f\x9c"
	"\x1f\x08\xd9\x71\xbe\x4f\x11\xd7\xea\xfc\xb2\x87\xd7\xfd\xa3\xc7"
	"\x66\xcd\xaa\xf8\xe6\x6a\xec\x36\x51\x94\x58\xb8\xbb\xe0\xd8\x6d"
	"\x87\x0f\x75\xb6\x39\x46\x88\xa0\x55\x75\x79\xbc\x70\x5f\x16\x25"
	"\x4d\xfe\x1b\x6f\xca\x1b\xf7\xa9\xb3\x87\x8a\x93\xe7\x59\xf9\x7c"
	"\xe7\xea\x7d\x17\x55\xfc\xde\xeb\x1b\x3d\x9c\xad\x18\x21\xaa\x58"
	"\x59\x81\xb7\x17\x78\x3e\xd1\xfb\x55\xe4\x89\x7b\x24\x59\xa5\xc3"
	"\x0b\xbd\x29\xed\x4a\x5f\x44\x64\x89\xcd\x7f\x27\x50\x07\x9c\xdf"
	"\x49\xd0\xe7\xbc\x98\xb9\x95\x2b\x16\xd1\x32\x84\xce\xfc\xfc\xf8"
	"\x04\x45\xe0\xb9\xb5\x0b\x7d\x7a\xe7\x97\x81\x02\x3e\xc5\xee\xdb"
	"\xad\xa4\x06\x3d\x7d\x1c\xb8\xaf\x58\x36\x1a\x32\x5c\x7d\xc7\xee"
	"\x5e\x56\xe3\x89\xc7\x49\xca\x22\x57\x65\xab\xef\x61\x6e\x5f\xac"
	"\x70\xf4\xf4\x87\x92\xb2\x68\x1e\x17\x73\xfb\xad\xc0\x39\x25\xaa"
	"\xbc\x9c\x5f\x5e\x5c\x9d\x5f\xbd\x3f\xc6\xd5\x7c\xe2\x51\x7c\xc8"
	"\x7a\x3f\xfa\x2f\x4f\x12\xad\xd8\x6d\xc8\xfb\x1d\x1b\x87\x4d\xd3"
	"\x71\x12\x94\x4f\x01\x92\x04\x14\x76\xe8\x83\x0f\x3f\xbc\xbd\x9b"
	"\xec\x05\x16\x58\xce\x0c\xf7\x29\xd4\x9a\x3c\x3a\xe6\xbe\x53\x4a"
	"\x36\xa2\x2f\x92\x97\xb7\xf6\xba\xc0\xe1\x19\xbb\x69\x77\xcc\xb8"
	"\x1a\x2b\xb9\x6e\x14\xff\x67\xf1\x88\xbe\x52\x9b\x9e\x45\x45\x06"
	"\x87\x7d\x8e\x58\xab\x9e\x03\xbc\xdd\x52\x83\x4c\xd9\x74\x28\xfe"
	"\x18\xc5\xf5\xf9\x1e\x59\x72\x20\x3c\xe4\xc1\x66\xd3\x12\xcb\x60"
	"\xd2\x2f\x24\x9c\xd6\x10\xea\xae\x63\xd6\xf5\x1d\xdd\x01\xcd\x40"
	"\x72\xc0\xfb\xbc\xc7\xb2\xde\x5f\xe1\x1a\x41\xb9\x70\x93\x39\xbb"
	"\x6e\xdb\x32\x81\xb5\x72\x7c\x7e\x99\xb3\xcb\xf8\x42\x33\x50\xd8"
	"\xa8\xe6\x6e\x25\x1e\xfa\xdd\x2c\x57\xa1\x88\x92\xe8\x45\xf9\xbe"
	"\x61\x0c\x5a\xdd\xeb\xf1\xe0\xc8\x21\x7c\xdb\xf1\xdb\xcf\x00\x43"
	"\xce\x0d\x12\x22\x88\x11\xab\xcc\xe2\xce\x74\x32\xe1\xea\x00\x6a"
	"\xff\x8d\xbe\xa2\x52\x88\x6e\xe0\x0d\xac\xed\x6f\x40\x81\x80\x94"
	"\x88\x0f\xe0\xd6\x8f\xf8\x8b\x51\xd4\x87\x5e\x75\x67\xa5\x4a\x89"
	"\x06\xe1\x8e\x4f\x5b\x38\x64\xe6\x94\xc4\xf7\xec\x0d\x74\xf1\xee"
	"\x98\x9a\x3b\xaa\xc6\xde\x0f\xa7\xf0\xb6\x6f\xb4\xce\x12\xef\xe1"
	"\xdd\x6f\xc1\xdd\x62\x3e\x99\x21\xda\x03\x1d\x2e\x24\x63\xaa\x08"
	"\xee\xd4\xe3\x99\x7b\xd3\xd0\x08\x7c\xaf\x85\x42\x95\xe5\xe5\xec"
	"\x36\x85\xb8\xcc\x82\x8e\x1d\x86\x91\x81\x42\x88\xa7\xc7\x0b\xec"
	"\x14\x95\x4f\x87\xad\xb0\x36\x4b\x24\x33\xe7\x3f\x07\xea\x42\xdc"
	"\x99\xeb\x19\xec\xa0\xee\x0a\x9f\xb6\x58\x11\x03\x1e\x19\xe4\x1d"
	"\x12\xa8\x4a\xdd\xc1\x63\x14\x1e\x07\x03\xe5\x74\x69\x08\x0d\xd1"
	"\x17\x12\x85\xef\x54\x02\x74\x1f\x3c\x14\x11\x98\x1a\x2f\x66\xb6"
	"\x25\x4a\x47\x02\xeb\x7c\xe2\x56\xc3\x29\x02\xfc\x50\xb2\xc4\x4d"
	"\xcd\xa3\xf6\x13\x58\xf0\x69\x44\x7e\x32\xb7\x02\x41\xa1\xe1\x3d"
	"\x98\xb3\xe5\x54\xb1\xfb\xdc\xad\xb0\x20\x3e\xe8\x23\xb7\x1a\x73"
	"\x40\xe2\x37\xc7\xea\x17\xb7\x7e\x41\x11\x62\xe1\xe1\xd9\xc5\xbd"
	"\x08\x2b\x9c\x7b\x18\x10\x74\x72\x44\x75\x04\x14\xc2\x21\x6c\xa8"
	"\x16\xd8\xb7\xd2\x4b\x37\xe2\x0e\xa8\xee\x90\x0c\xeb\x59\xa2\xaa"
	"\xda\xf3\x7f\xfa\x3d\xe9\x35\xa5\xd5\xad\x08\x57\x8b\x4b\x4f\x40"
	"\x25\x8d\x71\x87\xd3\xce\xb9\x2e\xca\x81\xc4\x63\x4e\xf2\xd7\x69"
	"\x2a\x77\x76\xb1\x43\x4c\x83\x7b\xb8\x92\x9d\xed\xcd\xe8\x98\x4e"
	"\x07\xe7\x69\x92\xc1\xf2\x2d\x74\xab\x0c\x14\xeb\x48\x63\xe3\x55"
	"\x3e\x28\x0c\x95\xd4\x88\x26\x28\xd2\x8c\x14\x9e\x87\x1f\x85\x1a"
	"\x15\x87\xc9\xfc\xe2\xf8\x1d\xd3\x82\x31\xe7\x97\xdf\x8d\x79\x35"
	"\x88\x89\x03\x52\x5f\x6f\xa4\xbb\x1e\x8e\x3d\xd0\x98\xc3\xb8\x86"
	"\xb2\x6e\xe5\xc8\x0a\x11\xaf\xb1\xd7\x71\xac\xdd\xee\xaa\x28\x50"
	"\x5b\x90\xf8\x48\x21\x40\xb1\x55\x89\xb3\x95\x04\x2a\xb5\x4b\xcd"
	"\x61\xee\xf9\x49\x79\x83\x28\xa9\xff\x41\xa0\xd9\x51\xf2\xf3\x6e"
	"\xd4\x04\x96\xd4\x5c\x91\x6a\xc8\x7a\x18\xe5\x0f\x74\xc9\xf2\x3a"
	"\xd7\x2b\x0c\xca\x68\x76\xe3\x8b\xc4\x47\x44\xc9\x9c\x25\x2f\xad"
	"\xe9\x2d\xeb\xa4\x94\x72\x00\xcb\x49\xa0\x08\x17\x81\xe5\x63\x68"
	"\x06\xa6\xae\x56\x45\xa8\xed\x10\xee\x20\x01\x4a\x56\x88\xce\xf1"
	"\xad\xc9\x14\x30\xba\xb1\x99\xeb\xd0\x08\x72\x62\x6f\x80\x84\x7a"
	"\x38\xf6\xa0\xc0\x3c\x01\x22\x70\x96\x5e\x07\x19\x1f\x58\x25\x50"
	"\x59\x38\x20\x18\xf0\xc3\x23\x8c\x1e\x44\xfc\x74\x2d\xb1\x8e\xd5"
	"\xe3\xc1\x6a\x9a\xc6\x81\x41\xff\xf1\x1a\xc6\xcd\x95\xed\xa3\xa1"
	"\xc2\x10\xf2\x67\x59\xa3\xd5\x5a\xa8\xee\xb7\x2a\x72\x69\xe4\x0b"
	"\x0f\xb9\xdd\x7d\x84\x6a\xde\x49\x61\x5b\xaf\x4b\xf7\x5b\x25\x27"
	"\xe7\x42\xbc\x27\x67\xe6\xbd\x14\xb6\x4c\x88\x55\x8a\x0c\x67\x94"
	"\x35\x4e\x8e\x03\x1c\xd8\x3a\xc9\x07\x58\x3e\xe5\xe9\xf5\xe9\xe1"
	"\x73\x93\xa4\x05\x9f\xc4\x70\x42\x0b\x38\x39\x05\x3e\x49\x4a\xd4"
	"\x0b\x00\xc1\x1f\xda\xd2\x6a\x32\xb9\xed\xcb\xf3\x4f\x0c\x80\xc1"
	"\x09\xd1\xe5\xf8\xcb\xad\xd5\x4c\x57\x40\x34\xde\x11\xc2\xed\xc2"
	"\xa3\x6c\xd6\x35\x19\x2c\xb7\xfe\x51\x63\x35\xac\x62\x1d\xc3\xf9"
	"\x18\x26\xcd\xf4\x8e\xe1\x94\xad\x2e\x00\xed\xdd\xd4\x67\x1e\x68"
	"\xa1\xb8\xcf\x4a\x1a\x85\xb2\xc5\x76\x73\x54\xd9\x32\xb4\xcf\xde"
	"\xba\x18\x7d\xa4\x95\x8a\xc2\x09\x39\x84\xfb\x8b\xa7\xf3\x1b\xbe"
	"\x6c\xb0\x5d\x1f\xa5\x82\x85\x9d\x96\x78\xbd\x69\x4b\x31\x40\xd4"
	"\xeb\x2e\x89\xe5\x38\x45\x3a\x10\x4a\xdb\xae\xe2\x43\x75\xfb\x8d"
	"\xaa\xd8\xb8\x0f\x46\xba\x2e\x38\x95\x6c\x3d\x76\xdb\x06\x63\x3c"
	"\x4f\x4a\x38\x47\x0c\xf5\x91\x8e\x9e\xf3\x0b\x12\xbe\x79\xd3\xf2"
	"\x6a\x7a\x1a\xf5\x1c\x5a\xb2\x3a\xce\x8f\x1e\x1b\x19\x4d\x49\x5b"
	"\x85\x23\xdc\xc2\x39\x62\x88\xc6\x34\xc4\x7d\x91\xfb\xd7\x3a\xcc"
	"\xa0\x55\x99\x22\x45\xcd\xb9\x3a\xd0\x45\xf1\x11\xd1\x76\x60\xb2"
	"\x83\x10\x93\x98\xd7\x85\xac\x52\x77\x20\xd4\xc1\x15\x47\xef\xa5"
	"\xd8\x9e\x61\x05\xbb\x47\x22\xeb\x18\x58\x58\x06\xc8\xc9\xc8\x41"
	"\x02\xcb\x21\x25\xeb\xde\x56\x96\x85\xc3\xe6\x80\xdc\x8a\xa1\xbb"
	"\x95\x09\x12\x18\x62\xa8\x6c\xa3\x4e\x58\x7b\xcd\xd3\xe6\x0e\x61"
	"\x79\x11\x31\xca\x72\x59\x35\x1f\x39\x4c\x3f\x96\xf3\xce\xa2\xd4"
	"\x2d\x5b\xd3\x50\x53\xcb\x2d\x5a\xd3\x83\xf6\x03\xc1\xc0\x8f\x8f"
	"\x62\x5e\x58\x6b\x27\x2f\x4d\x3a\x1e\xe5\xa3\x63\x43\x30\xc3\x1b"
	"\xdb\xa4\x36\x68\x97\x02\x32\xe0\x2a\x5c\xd7\x55\x6e\x91\x36\x30"
	"\x08\xd6\xbb\xb9\x63\x40\xa5\xf7\x1d\xa9\x33\x4f\xd1\xd3\xc3\xef"
	"\x22\x93\x88\x6e\x1e\x5d\x2b\xeb\x10\x69\x1a\xdb\x16\xf3\x27\xba"
	"\xd8\xd2\x1b\xb6\xfd\x19\x51\x97\x90\xee\x3b\x89\xd6\xb4\x9e\x70"
	"\xf0\x1d\x4d\x86\x24\x47\xe3\x22\x3c\xe4\xe2\xbd\x9b\xbe\xe2\xf5"
	"\x35\x47\x06\x67\x39\x3c\xf4\xa7\xbe\x21\xb9\x20\x56\x44\xcb\xf5"
	"\x87\x2f\x4d\x27\x1c\x61\xf0\xa2\x99\x34\x42\x50\xfd\x0d\x87\xae"
	"\x3d\x14\x7c\x34\x1e\x55\xee\x52\x29\x4c\x6e\x37\xe9\x5f\xdb\x5d"
	"\x41\x57\x41\x0a\x41\xd3\xc5\xf8\x01\x02\xd8\x38\x91\x41\x4e\xbc"
	"\xbc\xd3\x67\x52\x82\x07\xe2\x71\x9f\xbf\x41\x5a\xe8\x01\xbb\x3c"
	"\x1c\xe9\xf0\x81\x2b\xcc\x90\xa7\x12\xd1\xff\x4f\x7f\xe2\x20\x00"
	"\xfc\x11\x67\xb8\x6a\x39\x30\x0d\x20\x5a\xc8\xd1\xc8\xfe\x77\xd4"
	"\x05\x30\x71\xc1\x01\x53\xf2\x6f\xa1\x0e\xba\xea\x11\x2d\x85\x80"
	"\x7f\x0f\x92\x48\xab\x70\x36\xf5\x3c\x6c\x34\x54\xf2\x30\xb8\xbe"
	"\x9c\xb9\x77\x40\x1b\xe7\xcf\xc1\xba\x90\x5c\x8d\xd6\x87\x41\x1c"
	"\x9f\x4f\x21\xd5\x13\xc1\xf2\x18\xfe\x6c\xdf\x41\x05\x91\x2d\xe0"
	"\xc8\x65\x29\xe4\xdb\x9e\xd6\xd9\x69\xf9\xa8\x62\xf7\x5a\x90\xae"
	"\x77\xcb\x84\xfa\xd7\x0c\x15\x73\xd6\xa6\x9c\x06\x6d\xaf\x31\x1c"
	"\x71\xfb\xcb\x8c\xbe\xff\x41\x39\x0d\x28\xb5\xdb\xeb\xcb\xe7\xcf"
	"\x74\xde\x7b\x7d\xfa\xb7\x4a\x73\x68\x75\x19\xee\xa3\xe3\xcb\xa9"
	"\xfb\x6d\x82\xda\xc7\xf0\xf9\xd4\x2b\x1f\x86\x1f\x07\xe0\x59\x74"
	"\xe5\xc9\xf5\xc6\xe4\x55\x6c\x36\x2f\xf9\xc4\xf7\x9c\x48\x85\x71"
	"\xb6\x73\x07\xcd\x25\x60\x9e\x24\x47\xf7\xd3\x0c\x41\x31\x8b\x10"
	"\x97\xc1\xbd\x1d\x11\x1c\x5e\xe1\x97\x97\xd7\x7e\xb1\x00\x3e\x9f"
	"\x5a\xe7\x3d\x4b\xaa\xe4\x6f\x3e\xf7\x0f\x72\x38\xfe\x7a\x5b\x0c"
	"\x58\xe7\xad\xdf\xf4\xfb\xdb\x5f\x6f\xef\xa7\x2f\xa3\x5f\xd1\xbb"
	"\xba\x37\x47\x3f\x7e\x41\x37\x7f\xfe\x6b\x74\xfa\xf2\xeb\xe9\xd3"
	"\x27\xc4\x33\xfc\x79\xa4\xb0\x7e\xc2\xc9\x93\xd2\x33\x52\x66\x03"
	"\x8b\x35\x1d\x60\xcc\x5b\x7f\x48\x3e\xb7\x7e\x25\x01\x64\x13\xc5"
	"\x94\x9a\x1d\x56\x63\x50\x54\xeb\x70\xc3\x5e\x6a\x12\xd7\x93\x90"
	"\x82\xc4\x1d\x67\xf1\xc1\xdf\x19\x83\xdc\x20\xe0\x47\x10\x25\xee"
	"\x18\x3a\x44\x7a\xe7\xb7\x05\x25\x30\xd6\x11\x67\x2b\xc4\xd4\xe4"
	"\xb0\x11\xfa\x04\x69\x89\xf2\x76\xef\xb6\x28\x20\xba\xc5\x8d\x1d"
	"\xc0\xc5\x2a\x08\x53\x7d\x44\x5a\xf4\x0a\x4d\xfb\x0f\xfb\xc7\x8f"
	"\x3a\x91\xc9\xf2\xdc\xcb\xf1\x9f\xb8\xd8\x3d\xe3\x9a\x01\x06\x7e"
	"\x56\xab\xc0\xc3\xa7\x87\xaf\x7c\xdb\x73\xcf\x7e\x78\x33\x93\xbb"
	"\xcd\xde\xf3\xfe\xc7\x02\x52\xb9\xeb\x70\x95\xf6\x3d\x20\x73\x73"
	"\x77\xcb\x5d\xb5\xda\x7f\xfc\x58\xe3\x3d\xd6\x1d\xd6\x8a\xd0\xaa"
	"\x60\x87\xd8\x56\xb6\x5b\x81\x25\x19\x98\xfc\x51\xae\x74\x2b\x5c"
	"\x13\xb7\x6d\x07\xaf\x09\xde\xab\x74\xc3\xc4\x24\xe8\x8e\x70\xda"
	"\xd2\x07\x46\x13\x1e\x4a\x2c\xf2\x56\xfd\x65\x1a\x78\x22\xa4\x12"
	"\xfb\xca\xcc\x8b\x06\x94\x94\xbd\x45\x40\xa1\xd0\xa2\x7d\x06\xa5"
	"\x73\xfe\x69\x89\x4c\xad\x81\xa1\xc7\xa1\xb2\x3e\x33\x48\xf4\xd8"
	"\x32\xf4\x10\xa3\xb2\xb7\x62\xcf\xb0\x4a\x74\xce\x96\x2c\x37\x7a"
	"\x00\xcc\x1e\xb0\xae\xbc\x8e\xc2\x76\xb3\x88\xfa\xc3\x85\xaa\x54"
	"\x77\x0a\x67\xc3\x18\x7c\x84\xb3\x0c\xd0\x54\x4c\x1a\x2f\x1a\x76"
	"\x33\xaf\xd7\x3f\x15\x1f\x5a\xa1\x08\xde\xae\x29\xde\x2a\xbc\x2b"
	"\x06\x95\xa7\x7b\x06\xfe\xeb\x2d\x8c\xf4\x31\x34\x0c\xbd\x70\x5c"
	"\xd0\x27\xee\xc5\x8a\xa8\xe7\xc7\xa0\x93\x87\xd1\xea\x03\x24\xa7"
	"\x61\xff\x5f\x2f\xf5\xce\xa2\xd2\xf6\x3f\x67\x30\x68\x6e\xb2\x16"
	"\xcd\x32\x1c\x2f\xb0\x1f\x5d\xf8\x99\x1a\x5c\x51\x88\xeb\x23\x3d"
	"\xa7\x78\x79\xea\xaf\x37\x56\xfd\x1f\xef\xb7\xb7\x59\x5e\xaf\x6f"
	"\x3b\x52\x35\x03\x2c\x7f\x7d\x79\x7f\x79\x7c\x41\x62\x27\x1e\x69"
	"\xe4\x6c\x23\xda\x85\x52\xea\xac\x6a\x11\xa5\xec\x8d\x94\x8c\xb2"
	"\x97\x24\xcd\xc2\xaa\xd2\x78\x3e\x39\xba\x37\x62\x6a\x57\x6f\x3e"
	"\x9b\x7a\x65\xe0\x2c\x4a\x3d\xcf\x37\x2b\xfc\x97\x0f\xbc\xf6\xcc"
	"\xe9\x00\xfb\x33\xcf\xb0\xb4\x41\x1a\x24\x91\xe9\x50\x57\x96\xdb"
	"\x79\x98\xf1\xb3\x4f\x82\x65\x05\xc8\xe8\xf1\xf3\x93\x4a\xdb\xd5"
	"\x4f\xa8\x48\x05\xc3\x34\xa1\x68\x87\x37\x94\xd5\xad\x90\x75\x19"
	"\x1e\x04\x16\xab\xbf\xce\x21\x75\xe7\x8a\xe1\xe4\xf7\xd3\xf3\xe9"
	"\xf5\xe1\xfd\xe5\xb5\x7f\xc8\x44\xb4\xe8\xc7\xcf\x2f\x8f\xff\x12"
	"\xa7\xcf\xa6\xad\x78\xbb\x1a\xc3\xf3\x07\x8c\x62\xa4\x37\xa7\x56"
	"\xed\x1b\x07\xbf\x73\x68\x64\x47\xe4\x79\x05\xaf\xb4\xbb\x5d\x01"
	"\x4f\xdc\xcd\x3d\x5f\x7d\xe1\x44\x9a\x51\xa2\x63\xe9\x24\xf7\xf0"
	"\xe9\xd3\x13\x65\xe8\xc6\x8e\xc6\xb5\xbd\xfd\xa3\x1d\x38\xfa\xc4"
	"\x8d\x0a\x9a\x8a\x93\x2d\x4e\xe2\xd6\x6f\x82\xb4\x1f\x28\x9e\x6c"
	"\x41\xe1\x50\x71\x56\x57\x00\x23\x32\xb5\x68\x0f\x1d\xe2\x35\xac"
	"\x46\x74\x0d\xb7\x3c\xd5\x05\xa0\xce\x42\x64\x37\x2e\x2f\x16\x83"
	"\x48\x50\x56\xae\x3d\x11\x66\x9a\x7a\xca\x23\x5e\x12\xad\x03\x40"
	"\xdb\x4c\xd6\x67\x60\x93\x43\xd3\x4c\x0b\x9a\x72\x41\x7e\xbb\xb8"
	"\x98\xbb\xcf\xbd\x16\xce\x62\x18\x27\xc9\x6f\x91\xb1\xd2\xfd\x10"
	"\xd5\xd0\x01\xce\xd9\xba\x18\xc7\xf3\x9c\xd4\xd0\x41\x53\x16\x73"
	"\x8f\x0a\x4a\xe2\xf8\xb2\xc9\x1a\x9c\x28\xbb\x9e\x8f\xdd\x67\x76"
	"\x83\x83\xba\x8e\xdf\xc1\xcf\xb5\xc7\x09\x4b\xd2\xb9\x46\x04\x7b"
	"\x31\xd9\x7b\x7d\x41\xed\xba\xbe\x76\xdb\xe7\xd9\x74\xac\xe1\xd2"
	"\xe9\x68\x3e\x7d\xf2\x02\x45\x8b\x93\xab\xcf\x15\x46\xb9\xc4\xde"
	"\x03\x8c\x41\x96\xca\x28\xc3\x03\xed\x20\xca\x0d\x82\x63\x48\x84"
	"\x0e\x3b\xd0\xed\x0a\xfd\x43\xd3\x8c\x34\xc0\x83\x90\xa5\x15\x6f"
	"\x20\x4b\x1c\x06\x3c\x66\xc1\x0d\x4a\x19\xee\x97\x56\x95\x3d\x49"
	"\x82\xed\xce\x00\xd1\x5c\xd1\xda\x65\x05\xd4\xd1\x1f\x58\xd1\x03"
	"\xad\xc8\x06\xc7\x56\x98\xe1\x7c\xb8\x1c\x4f\x9a\x75\x02\x59\x9a"
	"\x09\x49\xac\x0b\x8a\x06\xe5\x85\xed\x06\x71\x54\xeb\x42\x77\x81"
	"\x14\x75\x1b\x2b\x22\x5e\x34\xb3\xd3\x97\x97\xd7\xbf\x46\x5f\x90"
	"\xe9\x1d\x37\x31\x2e\xe6\xb8\x75\xd3\xf7\xfa\x0a\xe9\xa9\x6a\x8a"
	"\x57\x24\x45\x6d\xda\xcd\x28\x03\x87\x2d\x86\x47\x77\x78\x3e\xf2"
	"\x17\x5f\x55\x84\xe5\x7b\x4a\x60\x0a\x66\x45\x1c\xba\xc5\x29\xcc"
	"\x82\xfe\xe3\xaf\x6c\x93\xda\xb1\xce\xed\x96\x64\xcb\xc5\x1c\x9a"
	"\x6d\x7f\xf1\x0c\x5b\x85\xe7\x2e\xc5\xd5\xe3\xc4\xe5\x31\xb6\x66"
	"\x30\x4c\xb9\xd0\x27\x7e\xf2\x88\x1c\xe9\x89\xc0\xc5\xc5\xfb\xa7"
	"\x1b\xee\x4d\x1c\xf8\x55\x1f\x9e\xfe\xfc\x8a\x1d\xab\xa3\x3b\xe1"
	"\x92\x41\xe4\xf7\x72\xd5\x08\x5b\xf7\x15\x91\xa1\xec\x37\xe9\xb1"
	"\x85\x6f\x11\x3c\xd1\xc9\x19\x81\xb5\x60\x9e\x8b\xa6\x46\xa0\xe7"
	"\xfc\x01\xd1\x57\x88\x57\x37\x59\xd8\x0f\x4e\x6a\x30\xaf\xa2\x7e"
	"\xf3\x19\x42\x99\x25\x89\xf8\xc8\x2f\x98\x65\xe5\x8b\x2d\xa2\xb9"
	"\x42\x3a\x65\x8a\xa4\xe5\x59\x65\x1b\x24\xb8\x69\x10\x96\x27\xa9"
	"\x2b\x63\x21\x3a\xe3\x74\x62\x87\xd4\x63\x26\xe9\x28\x7a\x86\x49"
	"\xcc\xc1\xb1\x67\xab\x64\xd2\xfc\x20\xe6\x8b\xf3\xd7\x60\x5c\x4d"
	"\x3d\xf6\xee\x0a\x21\x9c\x4e\x11\x18\xdf\x3f\x34\xf3\xa4\xdc\x79"
	"\x12\xc5\x31\x81\x63\x11\x8c\x67\x76\x66\x66\x6e\x1e\x5d\x91\x09"
	"\xc1\xdd\x07\x77\x6e\xbd\xa8\x32\xef\x09\x0e\xae\xe7\x0e\x05\x63"
	"\xbf\x73\x6b\x8f\xd9\xdd\x41\xc9\xce\x9f\xa1\x55\x47\x52\xbb\xca"
	"\xbd\xe4\x88\xe2\x7e\xe5\x51\x17\x89\xe8\xc2\xfa\xa3\x72\x8a\x47"
	"\x22\x63\x27\x3d\x8b\xc3\xbb\x20\x5c\x7b\xce\x22\x42\xbb\x3c\xb9"
	"\xb6\xf3\x48\x37\x7b\x9c\x68\x2c\x91\xf3\x09\xc2\xc1\xb6\x83\x02"
	"\xaf\x3a\xed\x36\x23\xdb\xa3\x16\x2c\x1f\x79\x05\x45\x18\x04\x88"
	"\x7e\xb7\x72\x2b\x53\x34\x4e\x11\xf3\x2b\x17\x92\xab\x5a\x1a\x09"
	"\x8b\x9b\x72\x8f\x27\x20\x2b\xa0\x91\x62\x45\x7d\xef\xdf\x44\xcc"
	"\xda\x0d\xd3\x5a\xc5\x84\x53\xa4\xcd\xe6\x81\x50\x00\xf5\x12\xe9"
	"\x37\xbd\x46\x86\xe8\xe3\x01\x32\xf4\x64\x42\xc1\xee\x68\x29\xf5"
	"\x2d\xf2\x9a\x3c\xdc\x02\x26\x57\x9e\xc9\x64\xa1\xb8\x47\xbf\x85"
	"\xe2\xbe\x2a\x37\x28\x78\x60\xdb\x41\x4d\xe5\xd6\x6a\x37\x48\xe5"
	"\xd2\x9a\x47\x46\x6c\x4d\x8b\x7c\xf0\x26\x41\x99\x0f\xde\xd0\x5f"
	"\xde\x4e\x28\x96\x9e\x53\xf8\x0d\x0e\x96\xa8\xf1\x55\x27\x1e\xad"
	"\x61\xa4\x83\xe4\x6e\x72\xc3\x6d\x52\xe6\x44\xc9\x59\x5b\x83\x83"
	"\xda\x16\xd7\xf6\x62\x64\x2a\x6b\x70\xd2\x7c\x71\xe5\xf1\x64\x6a"
	"\x50\x78\xdd\x72\x1d\x9c\x1b\x04\x2d\xa1\x41\x5e\x30\x8b\xa7\x73"
	"\x4f\x60\xef\x86\x0e\xc2\x2e\xc7\x21\x99\xca\x91\x98\x66\x73\xcf"
	"\x33\x44\x83\xad\x8e\xd1\xd9\xd2\xbd\xc0\x35\x58\xe8\x95\xd9\xf8"
	"\xd2\xdd\x2b\x16\x8e\x1d\x69\xa6\x27\x27\xa2\x33\xb9\x74\xfb\x7a"
	"\x48\x3a\x08\xac\x30\x28\x07\xd0\xb9\x44\xa7\x0c\xe2\x40\x15\x3c"
	"\x9d\xb9\xab\x6a\xc6\xc8\x3a\xd8\xe3\xc1\x94\x97\x46\xcf\xa3\x5a"
	"\xc3\x54\x51\x5d\xcf\x2e\x2d\x9e\x78\x43\xba\xfd\xf6\xf0\xf9\xf1"
	"\xe5\xcb\x97\x51\x75\x7a\xfc\xe3\xf9\xe5\xf3\xcb\xef\x4f\xa7\xb7"
	"\xbf\x23\x11\xf9\xe3\x3f\xf0\xba\xf8\xf0\xfa\x3b\x14\x8c\x74\xef"
	"\x5f\x7d\x43\x7e\xef\xf5\xc3\xb7\xdf\x4f\x42\x77\x60\xa4\xc3\x56"
	"\xa8\x60\xd7\x1a\xab\x7a\x35\x6b\x60\x97\x72\xdd\x6c\x3e\x76\x4d"
	"\x4e\x0c\x45\x10\x1b\x4f\x17\x47\x7e\x3f\xee\x38\x93\x6b\xba\x8c"
	"\x71\x8d\x74\xea\xbc\x12\xd5\x39\xfc\xbb\x61\xb6\x65\x2d\x98\x8c"
	"\x72\x39\x66\x87\x69\x2d\x07\x29\x70\x49\xe8\xf2\x52\xe9\x9c\x9a"
	"\x0a\x7b\xcc\xde\x6e\x77\x87\x9d\x25\x3f\xc3\x2b\x37\x66\xb5\x26"
	"\x1d\x9f\x7b\xe9\x11\x08\xd6\x4c\x95\x12\xba\xb5\x5c\x14\x36\xe9"
	"\x1c\xa9\x8f\x2c\x45\x91\xe4\x16\xb6\x5c\xba\x3d\xed\x46\x45\x23"
	"\xea\xfa\xaa\x91\x18\xcb\x43\x00\xb1\xd2\x23\x3a\x57\x91\xac\xee"
	"\xeb\xe5\x3d\xad\xc8\x8b\x78\x3c\x6f\xe1\x30\xce\xa0\xa8\x6e\x9d"
	"\x2b\xd6\xe6\x4e\x99\x6a\x9b\x96\xf2\x07\xb5\xf5\x80\x01\x3b\xbc"
	"\x1e\x0f\xa7\xed\xc3\x3b\x9e\x2b\x9b\x67\x2e\xfe\xd4\xf0\x1d\xc3"
	"\x48\xa8\x40\xe2\xe8\xe8\x6a\xea\xf1\x0d\x6c\xd2\xd0\x03\x65\xf6"
	"\x3d\x28\x0b\xd9\x99\x86\xc7\x96\x0a\x4c\x72\x3d\x81\x49\x6c\x1c"
	"\x77\xaf\xda\x38\x6e\x75\x80\x8d\xe3\x56\xbb\x58\x38\x76\xfc\x6b"
	"\x17\xcf\xd7\x13\x3b\x4c\xb9\x03\xa7\x82\x04\xdd\x2b\x47\x5b\x57"
	"\x05\x11\x7e\x0f\x8e\x7b\xcf\xb5\xe8\xcc\xad\x59\xed\xe4\x67\xe6"
	"\x89\xe8\x63\xd1\xb9\x3a\x23\xe7\x32\xbc\x42\xa4\xbe\xe1\x3e\x2d"
	"\xf3\xd8\x13\x8b\xc7\x54\x55\x1d\xf3\x61\x22\x51\x39\xb7\xc3\x75"
	"\xf7\x9a\x14\x95\xe3\x73\x9c\x24\x88\x46\x08\x83\xbe\x41\x6e\x57"
	"\x57\xf0\xaa\xbd\xf4\x1c\x04\xf5\x74\x20\x9c\xc5\x64\xe5\x8e\xb9"
	"\xd2\xb4\x69\x75\x75\x39\xbd\xba\x74\x1f\x5b\x1a\x9c\x75\x7a\x39"
	"\x5e\x78\xce\xdb\x02\x67\x72\x71\x0e\xe7\x6a\x7e\xe1\xd6\xea\x18"
	"\x2a\xe8\xa6\xc1\x76\xf3\x0d\x68\xe5\x71\x79\x6e\xa8\x6c\x92\xcd"
	"\x7c\xec\x79\x8a\x6f\x70\x12\x5c\x22\x79\xc9\x19\xac\x2e\x81\xaf"
	"\xea\x20\xc2\x2f\xa1\x27\xc9\x48\x53\x0f\x0e\xd6\x88\x61\x74\x66"
	"\x50\xc0\x86\x30\x46\x30\x95\xc1\x9a\xd4\x46\x3c\x3c\xce\x19\xc7"
	"\xb3\xf3\x37\x0c\x01\x07\xa7\x95\xe1\x61\x4c\x38\x13\x8f\xda\x54"
	"\xd2\x99\xf8\x1e\xbd\xf4\x08\x64\x3a\x1e\xe5\xa2\x45\xc7\xa3\xea"
	"\xb5\x71\x86\x79\xa6\x03\x1d\xfe\x19\x94\x21\xe1\xcc\x2f\xe6\xc3"
	"\x42\x64\x24\x8f\x9e\xbb\x61\x88\x71\xe6\xc3\x9b\x04\xe1\x5c\x0f"
	"\x8f\x1e\xa0\x4c\xc7\x57\x67\x84\x08\xa4\xf9\xb9\x25\x83\x71\xa6"
	"\xc3\x9b\x04\xe3\x9c\x19\xad\x8c\x63\x1b\x2d\xf7\x56\x30\xc6\xf9"
	"\xae\x86\x9d\x19\x89\x78\x18\x99\x9e\xdb\x45\xab\xd0\xe7\xe6\xdb"
	"\x74\x05\x2e\x9b\x9e\x1b\x51\x83\x91\x66\x1e\x63\xa5\x16\xe1\xcc"
	"\x1e\x93\x66\x57\xee\xd3\x97\xa0\x30\x3c\xa8\x40\x61\x78\x28\x00"
	"\x61\x78\x38\x21\xea\xda\xf0\xa6\x4b\x61\xd9\x06\x47\x3f\x10\xce"
	"\x31\x79\x66\xb5\x4b\xb3\x33\x5d\x0a\x84\xe1\xf5\x1b\x08\xe7\x98"
	"\x84\x22\x66\x6a\x1d\x65\x7b\x23\x10\x44\x2e\x71\xe5\x3a\xd3\x58"
	"\xc2\x19\x6e\x6f\x1e\x2e\xae\xa6\x67\x96\x1e\xc2\x99\x79\x6e\xaf"
	"\x4d\xef\x6f\x2b\x98\x07\x50\x64\xdb\x04\xc1\xe1\xac\x83\x75\x8f"
	"\x75\x58\x16\xce\xe7\x67\xfa\x89\x70\xae\xce\x9c\x68\x80\x03\xbd"
	"\xc7\xb0\xac\x09\xe7\xda\x73\x7f\x37\xac\xc3\xe6\xd7\x6f\x60\xae"
	"\x8e\xd5\x39\xf9\x7f\x5d\xbb\xc5\x9d\x67\x3e\xa3\x95\xa6\x06\x72"
	"\xfb\x3a\xb7\x61\x97\x9b\xea\xcc\x6e\x03\x8c\x33\xe7\x37\x60\x4c"
	"\xff\x1c\x1c\x12\xc0\x08\xdd\xad\x68\x78\x1d\x32\xf1\x6b\x70\xa2"
	"\x2c\x1e\x5f\x4d\x87\x27\x73\x9c\x85\x5d\x15\x6d\x6f\x24\x00\x07"
	"\xe1\x01\x86\x27\x03\x70\xe6\x77\x9d\x18\xbf\x3d\x42\x14\x1d\x7e"
	"\x76\x95\x9d\x69\x99\x46\x3a\x33\x3d\x15\xad\xe5\xf4\xcc\xf2\x5e"
	"\x22\x52\xd1\xd5\x99\x33\x44\x99\xe1\x81\x6e\x78\xfe\x61\xe9\x46"
	"\x3e\x76\x64\xe2\x1d\x5e\xf9\x60\x78\x8d\x78\x4f\xe7\x48\x21\x5a"
	"\xd6\xe4\x2c\x1d\xc4\xc0\x1a\x96\x53\x00\x89\x2f\xce\x8c\x34\x64"
	"\x93\x98\x78\x1c\x32\x9b\x41\x42\x28\x67\x76\x25\xa0\x4c\x27\x67"
	"\x6a\xaa\x42\xcf\xbb\x74\x53\x4f\xb5\xc9\xc2\x33\xdb\x75\x95\x21"
	"\xdd\xe3\xf0\x42\xc1\x28\xc3\x23\x91\x51\x86\xc5\x0b\x14\xd8\x07"
	"\x0c\xce\x40\x42\x39\xd3\x64\xd8\xba\xce\x17\xf3\xe1\x5b\xc2\x01"
	"\x71\x47\xce\x9c\xf4\x0e\xd5\x62\x72\xe6\x42\x7c\xb7\x98\x5e\x5d"
	"\x4d\x87\x6f\x47\x84\xb3\x18\xbb\xed\x3b\x9a\x3e\x20\x9c\xeb\xef"
	"\xc1\x99\x7c\x07\x9d\xe1\x5e\xe0\xaa\x86\x27\x02\x50\xd2\xab\xc5"
	"\x65\x55\x0e\x76\x84\xc2\x9a\x7b\xf2\xec\x88\x96\xcd\x27\x57\x9b"
	"\xe1\x5b\x26\x48\x01\x29\xb6\xb1\xb4\x62\x86\x37\xc5\x80\xc2\x61"
	"\xdb\x1f\x28\x6b\x79\x85\xcd\x52\x45\x05\xe8\xc0\x60\xf8\x0b\xf5"
	"\xff\x36\x84\xaf\x8d\x7e\xee\x80\x56\x28\x45\x2a\x93\xac\xfc\x70"
	"\xd1\x25\xd4\xa8\x91\x3a\x34\x76\xc2\xc8\x47\x33\x51\xdf\x21\x97"
	"\x79\xb0\x4c\x11\x5a\x08\xe1\x3d\x65\x98\x0f\xda\xb9\xe1\x6b\x84"
	"\xdc\x13\x01\xbc\x37\xeb\xf5\xee\x00\xfe\xe2\x1c\x21\xcd\x4b\xcb"
	"\xf1\xac\x21\x24\x11\x57\x41\x52\xd4\x25\xd4\x84\xee\xcb\x9b\xab"
	"\x08\xf9\x68\xc2\xd8\x10\xa1\x6e\x9c\x5d\xe4\x2a\xa2\x5e\x67\x38"
	"\x7a\x7a\xd7\x63\xdf\x6c\x07\x4d\x39\x62\xdf\xcd\x55\x47\x46\x67"
	"\xdb\x49\x08\x64\x95\xc9\xff\x92\xbc\x3a\x08\xb5\x8d\xea\x77\x36"
	"\xd1\x41\x86\x41\x65\x77\x61\x87\x81\xd0\xa2\x27\x8c\x81\x36\xea"
	"\xfa\xc2\x7c\xaf\x8e\x59\x3c\xa2\x4c\xc3\xd9\xaa\xac\x01\x38\xd8"
	"\x84\x21\xe1\xaa\x88\x6f\x1b\x0c\xf0\x67\x8a\x36\x32\x1b\x0e\x15"
	"\x7f\xbb\x2b\x12\x53\x5c\x56\xc0\x3a\xc8\x20\xc4\xb3\x32\x7c\xc2"
	"\xa6\x33\x18\x67\x91\x45\xf2\x17\x97\xb3\xa8\x7a\x49\x20\x9b\x42"
	"\xca\x1f\x0e\xab\x59\xb8\x60\x4a\x4e\xe4\xd3\x99\xe6\x4a\xd6\xd4"
	"\x91\x38\xf2\x6e\x6e\x49\x90\xb6\x9a\xbd\x5f\xb9\x69\x28\x57\xcf"
	"\xa5\x1c\x54\x29\x90\x03\x3d\xd9\x55\xc4\x91\xae\x89\xbe\x51\x5c"
	"\x7f\xa4\x54\x84\xa7\x28\x9d\x03\x6d\xd8\x2d\x5a\xe2\xfa\xbe\x0c"
	"\x91\x4f\x00\x26\x47\xa4\x91\x17\xa4\xe8\x33\xf9\xd1\xab\x54\x28"
	"\x36\x8c\x48\x85\x3b\xd8\xec\x60\xa4\xa1\xaf\xac\x54\x62\xc4\x46"
	"\xd3\x49\x6c\xb6\x03\x33\xc9\xf0\x20\x26\x2f\xf3\xbe\xcb\xf1\x6c"
	"\x4c\x5e\xed\x1d\x22\xa6\xf9\x6d\x84\x04\x1b\x47\x0a\xc3\x20\xe3"
	"\x65\xb9\xe6\x66\x40\xa5\x8d\xb4\x25\x48\xfe\x00\x77\x41\xcb\x1b"
	"\x48\x34\x8c\xc6\x24\xde\xeb\x61\x2d\x43\xbe\x65\x9d\xfa\x05\x5e"
	"\x9a\x6d\x90\x47\x6e\x5f\x1f\x22\x38\x1f\x0e\xe1\x91\x6d\x12\xa2"
	"\x6f\x91\x6c\x41\x11\x5e\x68\xb6\xb0\xc2\x23\x72\xa9\xc4\xc1\x4d"
	"\x9f\x88\xe1\xff\x0e\x79\x65\x36\x91\x1d\x6a\x59\x73\x52\x22\x40"
	"\x1a\xa2\xa3\x95\x09\x96\x41\xd0\x35\x45\xf0\x5d\x8a\x42\x63\x23"
	"\x14\x34\xbd\xf6\xf6\xd1\x09\x20\xf1\x79\x18\xb2\xff\xd8\x6f\xdf"
	"\x9e\x1f\xc9\x3c\xb3\xc9\x06\xd0\xda\x3a\x69\x9a\xd9\x8a\xda\x6f"
	"\xa7\x83\xa4\x6f\x88\x72\x84\xe0\x25\x97\x16\x59\xc3\x1e\x23\x94"
	"\xd3\x2b\xcf\x9e\xdf\x80\x3d\x7a\x14\x1a\x8e\xfc\x96\x7c\xe9\xd1"
	"\xc2\x71\xf9\xa0\x9a\x2c\xae\xf0\xe2\xe3\x33\xe4\x67\x24\x8e\xfa"
	"\xb2\x42\xc6\xf2\x8e\xf7\xa4\xcd\x29\x63\x6d\xd2\xd0\x13\x88\x99"
	"\x28\x41\x82\x97\xd7\x17\x9e\x13\x22\x23\x44\xd7\x97\x57\xe3\xec"
	"\xee\x20\xe5\x6c\x57\x73\xcc\x27\x08\x35\x41\x26\x49\xae\x87\x53"
	"\x22\x82\xbc\x8f\x70\xad\xf0\xc3\xe1\x25\x83\xe1\xed\x2c\xce\x42"
	"\x8b\x02\x3c\xed\x1e\x9d\x70\x22\x4f\xe0\xcb\x89\xd7\x6e\x5e\xa0"
	"\x0c\x31\xc9\x54\xdc\x67\x9a\x86\x82\x47\x27\x6c\xc0\xee\x43\x93"
	"\x06\xfb\xc2\xef\x30\x38\xdd\xba\x4f\xc6\x04\xc4\x1d\x8e\xd2\xdb"
	"\x0e\xb6\xaf\xc1\x19\x6a\xe0\x26\x99\xe3\xd0\xeb\x37\xc4\xc4\xad"
	"\xb4\xce\x83\x32\x09\xdd\xcd\x20\x30\xc8\x77\xdc\x04\xcd\x50\x48"
	"\x11\x92\x23\xf1\xf8\xbc\x11\xcc\xe7\x0f\x47\x2d\xfc\x25\xd8\x7e"
	"\xac\x43\x58\x8a\x78\xec\xf8\x08\xe7\x06\xdb\x95\xed\xa1\x68\xaa"
	"\x26\xf0\x62\x81\x68\x42\x1e\x7b\xb5\x16\xee\xef\x5e\x2e\x8f\x90"
	"\x29\xde\x41\x06\x6d\xe3\x78\x76\xe9\x51\x9e\x51\x0d\x40\xb8\xc2"
	"\xab\x81\x5b\x37\xd6\x22\x2c\xdc\xaf\x6c\x2d\x82\x47\x2f\x65\x10"
	"\x16\x33\x77\xff\x68\x04\x3c\xb8\xbb\x75\x02\x06\x3e\xf1\x4b\x01"
	"\x6d\x80\x59\xf0\x99\xf2\xd7\xee\xeb\x17\xd3\xaf\xe6\xbe\x2b\x3b"
	"\x83\xe3\x2d\x82\xc9\x2e\x33\xf7\x4a\x10\x7f\x84\xb3\x2a\x42\x59"
	"\x79\xbb\x20\x1c\x84\x1e\xb0\x1f\x15\xec\x87\xec\x25\x50\xc4\xd5"
	"\xde\x0b\x84\x76\x09\x56\x3e\x76\x3e\x09\xb1\x59\x60\xe8\xf3\xd4"
	"\x91\xdb\x15\xb5\x89\x4f\x34\x85\xed\x69\x2e\x8a\x39\xad\xa3\xa9"
	"\x9c\xc3\x38\xd0\x1a\xd0\x45\x75\x79\x61\x33\x63\x83\xc3\xcb\xea"
	"\xd2\xa3\xbf\x63\xf2\x37\x0b\x8f\xa5\x3f\x43\xb7\x97\xd5\xdc\xa3"
	"\xed\x20\x38\x62\x9f\x0e\xef\x40\x65\x32\xbb\x9a\xe3\x1d\x7e\x68"
	"\x97\x42\x12\x2d\xcf\x35\x9c\xab\xb8\xb9\x5f\x60\x42\xf9\x97\x3d"
	"\x52\x01\x39\x3b\x2b\x58\x1e\x11\xa1\xf7\x4c\xdd\xb8\xe1\x5b\xd7"
	"\x1a\xd9\x25\x6c\x92\xdb\xed\x47\x3a\x7b\x66\xd3\xe9\xe5\x91\x02"
	"\xeb\xe2\x14\xea\xac\x9a\x18\x4f\xf3\xe9\xf5\xc0\x14\x24\x23\x23"
	"\x4f\x72\x19\x2a\x8d\x6a\xd2\x6c\x60\x10\x06\x29\xfc\xe3\x9c\x75"
	"\x53\x08\xd1\xf1\x85\xc7\xbc\x47\xc5\x17\xf5\xbc\x86\x0f\x06\x1f"
	"\x65\xa6\x38\x3a\xe9\xc0\xca\xa4\x28\x78\x74\xee\x86\xc2\x64\xec"
	"\x5f\x39\xa8\xdd\x90\xcc\xc0\x2e\xae\x31\x2e\x3d\xba\x3a\x51\x8b"
	"\x7f\xfd\x61\x3e\x17\x1e\xef\x66\x43\xe1\xda\x23\x27\x81\x30\x19"
	"\x3c\xcf\x70\x35\xd7\xe3\xe1\x23\x07\x90\xb0\x21\x79\x74\x3f\xd5"
	"\x5d\x0a\xd3\xd9\x81\x41\x0c\x04\x4a\xe6\x3e\x3c\xca\xef\x52\x44"
	"\xe6\x9e\x0e\xe3\xa4\xd9\xf4\x72\x60\x1d\x81\xa9\x1a\x6c\xb4\xfc"
	"\xdb\xde\xe1\xb8\xb0\x2d\xaa\xac\x55\x28\x28\x92\x8f\xf0\xc9\x18"
	"\x14\x56\x83\xd3\x71\xc0\xb3\xe8\xdc\xc1\xf5\x63\x60\xf3\x06\x78"
	"\x3a\x1e\x3e\x62\x6a\x94\x33\x95\x4c\x2f\x2f\x06\x79\x05\x15\x9f"
	"\xe7\x0c\x0d\x0e\x15\x4d\x17\x31\x19\x3b\x16\xe4\x7a\x71\x31\xb7"
	"\x3b\xb9\xb6\x98\x8f\xca\xa4\x48\x4e\xed\x6e\x31\x24\x18\xa5\x14"
	"\xbb\x87\x5d\x8a\x18\x3a\xd6\xbd\xa8\x25\xd2\xdc\x85\x51\xb6\xdc"
	"\xfb\xdc\xec\x5a\x74\x52\x87\xb0\x8a\x07\x83\xa4\x5f\xa0\xc7\x00"
	"\xc5\x86\xbd\x37\xa8\xee\x66\xe0\xa4\xb4\xf6\x4d\xb1\xb6\x62\xba"
	"\x47\x21\x32\xb2\x6c\xae\xe9\x71\x81\x15\x5d\x4e\x3d\xc7\x09\x81"
	"\x84\xb4\xb8\x3b\xf7\xa9\xa0\x45\xc2\xe9\x1d\xaf\x18\x67\xaa\x63"
	"\x24\xb7\x66\xb8\xa5\x84\x37\x22\x04\x9d\xf0\x0c\xfa\x16\xcd\x6b"
	"\x29\xda\xa2\x24\x65\x7a\x3d\xf5\xc4\xd6\xb6\xb0\xa0\xb7\x1c\xbb"
	"\xaf\x3f\x2d\x1a\x6d\x3b\x9e\x37\x83\x0e\x92\x7b\x4b\x95\x48\x30"
	"\x83\x75\xcf\x78\x1b\xe9\xac\x0c\x60\x56\x41\xab\xc7\x19\xa9\x13"
	"\xd6\xfc\xca\x7d\xec\x6d\x2b\xa4\xf3\xf5\xa5\x67\x0b\xb2\xb0\x16"
	"\xf3\xd9\xb9\x1a\xe9\x18\xdb\x71\xca\x72\x0c\x3e\x3e\xec\x7a\x0e"
	"\x20\x76\x8d\xd7\x9e\x57\x77\x81\x85\x83\xaf\x47\x2b\xd0\x22\xe5"
	"\x08\x42\x80\x1c\xc9\xe7\x46\x69\x7e\x80\x5b\x86\xe7\x35\x58\x10"
	"\x23\x2c\xcf\x4b\x7c\x07\xcb\xb3\x6f\x0b\xac\x3b\xcb\x87\xa1\xb7"
	"\x2c\x34\x67\xdc\x0d\x56\x04\x37\x90\x8e\xb9\x4e\x60\xbe\x85\x92"
	"\x31\x43\xe4\x34\x2b\xc2\x5d\x5b\x35\x9b\x8d\xa6\xc1\x32\xb1\x6d"
	"\x9b\xfb\xb5\x10\x21\xa8\x32\xac\x24\x3d\x1d\x32\x54\x8b\xa5\x3f"
	"\x72\x74\x7a\x89\x53\xe7\x85\xe7\x59\xa7\x25\x87\xbd\xfb\x72\x3c"
	"\x9f\x9e\x9b\x49\x74\x0e\x98\xf8\x1e\xee\x2d\x6a\x08\xfe\x6e\x07"
	"\x60\x77\xb0\xc6\xa7\x0a\x5f\x8c\xf8\x0e\xb5\xf1\x77\xf1\x06\xc3"
	"\x83\x73\xf3\xfc\xe0\x8d\x30\xd4\xd6\x88\xd8\x0c\xd0\x8b\xb9\x4f"
	"\xc4\x2d\x56\x98\x17\xee\x8b\xa9\x85\x32\x83\x67\x21\x12\xb1\xa6"
	"\x91\xdb\x63\xcf\xc2\xdd\xd4\x37\xcb\xd2\x3a\x0c\xf7\x86\x05\x22"
	"\x4f\x43\x63\xed\xde\xa8\x48\x7f\xba\x5e\x1d\xbb\x75\xf5\x69\xe4"
	"\x19\x0d\x6c\x47\x8f\x60\x54\xcb\xb5\xad\x57\x92\xc2\x75\xb8\x46"
	"\x3d\xab\x22\x16\x02\xa2\x6e\x53\xd6\x07\xe4\xdc\x6b\x7f\xa7\x49"
	"\x61\xb9\xcf\x2e\xf3\x15\x5e\x29\x0a\x04\xa5\x82\xf7\x8c\x35\x0a"
	"\x1b\x1e\x28\xe0\x07\x87\xa5\xb5\xde\x31\xf0\x06\xb4\xc5\xd5\x6d"
	"\x30\xfe\x30\x5c\xa6\xc2\xcb\xf3\x28\xf3\x73\x28\xbf\x50\xb8\xb9"
	"\xa1\x40\xc7\x78\x5c\xda\x21\x62\xca\x39\x9c\x60\x7b\xbf\x3b\x8b"
	"\x84\x87\xad\xfc\x1c\x52\x16\xc6\x18\x30\x50\x07\x0e\x33\x75\xc4"
	"\xb3\xc7\x19\x94\x04\x26\xe1\x2e\x1c\x29\x7c\x7a\x1f\xb0\x64\x8f"
	"\xde\x6a\xa3\x3a\xcb\x61\x63\x06\x16\x7a\x67\x93\x1c\x2f\x37\x91"
	"\xd5\xa3\x12\x4c\x15\xfb\x8a\x32\x53\xbe\xe0\xb0\x20\x8d\xe6\x77"
	"\x82\xd3\x48\xca\x45\x1c\x21\xc8\xb6\x35\x41\x75\x6b\xe8\xdd\x90"
	"\xf3\x87\x49\xf4\xb2\x2a\xe2\x20\xfb\xe8\x51\xc6\xa0\x48\xb2\xde"
	"\x15\x79\xba\x5f\x0f\x54\x99\x20\x0e\xa4\xed\xaf\x2d\x6b\xa8\x2a"
	"\x14\xf5\x24\xd9\x82\x28\x9b\x10\x1b\x3e\x69\xb0\xfd\xad\x2f\x49"
	"\x17\xf8\x63\x78\xe5\x5e\xfd\x00\x26\x63\x20\x3f\x54\x05\x97\xf4"
	"\x55\x5d\xda\x5c\x6b\x31\x72\xe6\xee\x9a\x1c\xd7\x90\x8c\x01\x33"
	"\xbb\x7d\x8b\xf8\x72\xfa\xf4\xf4\x80\x70\x67\x08\x40\xdc\x06\x44"
	"\xb3\x4a\x85\x08\x89\x4b\x69\x1f\x4c\x61\x23\x28\x45\x55\xa5\xac"
	"\xac\x2b\xbc\x07\x2b\x14\xc9\x9a\x45\x89\x02\x4f\x56\x78\x28\x6a"
	"\x51\xc1\x4a\x87\x5a\x81\x98\x54\x3b\x17\xa5\x0e\x5e\x19\x61\x64"
	"\xf4\xeb\xeb\x60\x21\x47\x9f\x0b\xcb\xe2\x0a\x3f\xaa\x82\x52\xcc"
	"\xd2\xe3\x5d\xb7\xbc\x81\xd5\xd1\xc1\xda\xbd\x35\x09\x4e\x04\x81"
	"\xd9\x28\x22\x06\xaa\x4f\x87\x59\x8a\x1b\xf8\x7e\x09\x50\x1d\xc8"
	"\x0c\x78\x2d\xb8\x5d\x61\xd5\xb7\x20\x3a\x80\x12\xf2\xe1\x75\x01"
	"\xea\xe6\x95\x25\x5b\x78\x64\x21\x32\x22\x52\x56\x08\x0c\xaa\x07"
	"\x7b\xe0\x84\xf6\x41\x8b\x0f\x30\xcc\x97\x6f\xd9\x2a\xfa\x86\x58"
	"\xf3\xd6\x7d\x45\xb7\x84\x40\x88\x2d\xd2\x52\x66\xdc\xe0\x88\x47"
	"\x21\x04\xf0\xc7\x45\xed\xc3\x78\xde\x8a\x87\x80\x94\x5d\x8d\x5e"
	"\x8d\x98\x31\x6b\x27\x34\x52\x64\x34\x0e\xf4\x07\xa5\x5d\x95\x60"
	"\xe1\x4a\xf1\x52\x86\x7f\xb9\x0d\x4a\x08\x7d\x0f\xdb\x83\x5e\x84"
	"\x26\x35\x5e\x79\xa8\xb6\x8f\x65\xa6\x16\x35\x0e\x31\x63\x5d\x7d"
	"\xdd\xc1\x82\x0f\xb6\x0b\xab\xe9\xce\x19\x1e\x66\xb5\x53\xbf\x7e"
	"\x86\xb5\x96\x51\xd5\x51\x61\xb0\xc2\xab\x63\x98\xb8\x0f\x1d\x0d"
	"\x4e\x04\xeb\x0c\x4b\xcb\x67\x38\x51\x18\xbe\x60\x8e\x0a\xca\xa7"
	"\x5a\x4c\x3d\xfb\x88\x61\x48\xd0\x33\xb1\x9a\x98\x72\xb6\x19\xb0"
	"\xa2\xd1\xf7\xcf\x37\x08\x70\xe3\xc0\xd9\x2a\x18\xa2\x41\x27\x14"
	"\xd0\x09\xeb\x29\xb2\x20\x60\x94\x39\x2b\x22\xa4\x01\x3e\x00\xc6"
	"\x20\xe4\x05\xc4\x5f\xfc\x80\x78\xeb\x1d\xfa\xba\x3b\x88\x3a\x32"
	"\x9b\xcb\x11\x4c\x9f\xd6\xe9\x0e\x49\x50\x11\x42\x62\x6b\x2d\xa1"
	"\x62\x20\x67\xf9\x2d\x02\x8c\xda\x0f\xff\x0e\xff\xba\xe8\xf4\xe5"
	"\xdb\x9f\xcd\x2b\x2c\x42\x3e\xfe\xf6\xf4\x3b\xca\xd8\x74\x30\x18"
	"\x29\x3c\x8e\x09\x57\xca\xd3\x22\xbf\xad\xb7\x7b\xcc\xb7\xec\x48"
	"\x73\x8e\x37\xdb\x59\xb7\x5c\x79\x27\xf9\x46\xd2\x42\xd7\xac\x53"
	"\x1d\xc5\x8b\x05\xff\xb9\xdc\xaf\x26\xbd\x59\x0b\x70\x3b\xc5\x0b"
	"\xe4\xb9\x29\xdc\xb3\x8d\xf0\x38\xe9\x8e\x32\x20\x70\x23\x11\xff"
	"\xdd\x21\x2e\xfb\xe6\xff\xa3\xd0\xfe\xff\x14\x2b\x55\xc4\x26\x84"
	"\xfe\xc8\x32\xc4\xdf\xa3\x87\x36\x1d\x7e\xcf\xca\x2e\x0f\x9d\x7b"
	"\x4d\x40\x4c\x4c\xf7\x83\x6f\x78\x9f\xc3\xc3\xbc\x84\xa6\xaa\xc8"
	"\x28\xca\xa2\x6c\x56\x33\xc1\x29\x71\x8f\x14\x72\xef\x3b\xf5\x05"
	"\x3a\x8e\xdb\x93\xf1\x8a\xf3\xf0\xfc\xf8\xf4\xf9\xf3\x03\x02\x94"
	"\xe8\xb5\x67\xf4\xe3\xfb\x37\x44\x78\x82\x97\xe6\xdb\xe9\xf9\x0d"
	"\x61\x9e\xfe\x3e\x7a\x9a\x3c\xe2\xd7\xd7\xa7\xbf\x8f\x7e\x7b\x45"
	"\x34\xb8\xd3\xf3\xa7\x37\x0a\x20\xa9\xa9\x37\xdb\xef\x12\x9c\x73"
	"\xa4\xd2\x32\x4e\x31\xff\xda\xb5\x56\xef\xa4\x55\x15\x84\xe2\x1a"
	"\xab\x06\x07\x9d\x67\x38\xa2\x2d\xb3\x14\x7c\xfb\xf4\xf4\x82\x21"
	"\xfb\xf8\x42\x81\x35\xfe\x3e\xfa\xfa\xfa\xf2\x78\x7a\x23\x26\xd8"
	"\x4b\xf4\xcb\x13\x22\xd3\x92\xd4\x18\xb9\x88\x4a\x83\xda\x7c\x3b"
	"\x3c\x7d\x3a\xb5\x04\xec\xaf\xe4\x67\xfa\x60\x55\x60\xc3\x4f\xcf"
	"\xaa\xda\xe6\x6b\xf8\xf0\x05\x81\xae\xb4\x14\xf4\x3c\x32\x95\xaf"
	"\x3e\x3f\xbc\xfd\xd1\xfd\xa8\x6a\x7f\xfa\x02\xb6\xff\x7d\xfa\x82"
	"\x78\x5d\x23\x8a\xb5\x69\xca\x70\xeb\x7e\x56\x48\x70\x8a\xfd\xfa"
	"\x8a\xa6\x91\xa1\x84\x85\x84\xad\x7f\xc4\x1d\x60\x7f\xce\x9e\xde"
	"\x1e\x4f\xe8\xa7\xe7\xd3\x0b\xe2\x7c\xfe\x71\xfa\xfc\x15\x9e\xb3"
	"\x76\x41\xd5\x5b\xa3\x6f\x6f\x18\x6a\xa0\xfa\xf6\xf2\x58\x3f\xaa"
	"\x26\xa8\x9e\x6d\xda\xa5\xfa\x9d\xd4\xb5\x81\x0a\x03\x69\x8d\xc3"
	"\xf0\x18\x4d\xa0\xde\xa0\x83\x69\x77\x28\x5a\xfd\x5d\xed\x11\x37"
	"\xab\xdb\xc7\xfc\x11\x51\x52\xf1\x5e\x4c\x4a\xd4\x7e\x81\xba\x8a"
	"\x82\xc5\xe4\xfa\x62\x00\x78\x25\xa2\x75\xa9\x91\xa3\xa8\xa2\xe4"
	"\x78\x01\x6d\x9d\xb7\xe8\xf5\x62\x71\xe5\x06\x66\x15\xcc\x24\x3c"
	"\x64\x8f\x48\xc2\x37\x11\x17\x46\x59\xe5\x11\x86\xb5\x17\x1e\x5e"
	"\x8f\x21\xd4\xe6\x1e\x58\x16\xce\x66\x78\x81\x98\x82\x1b\x08\xfd"
	"\xbf\x46\x6c\x17\xf3\xf6\x8e\x01\x88\x74\x18\xa3\x1f\xdf\x1e\xde"
	"\xd1\x95\x4f\xef\xa7\xbf\xb5\xf3\xc9\x74\x0e\x85\x60\x6e\x51\x1f"
	"\x1f\x7e\xfd\x7c\x1a\xfd\x3f\x23\x04\x62\xc4\x68\x79\xa7\x6c\x01"
	"\x8e\x42\x58\xf5\x7e\x2a\x87\xe9\x12\x4a\x85\xa9\x7d\x96\x4e\x38"
	"\xfa\x91\x2b\x75\x54\x13\x50\xde\xcb\x1f\xb7\x2f\xaf\xef\x7f\x8c"
	"\x02\xcc\x8d\xa7\xc7\x87\xe7\x9f\x6f\x70\xb8\x7e\x78\x86\x7f\xb7"
	"\x61\xf0\xe7\x90\x99\x8e\xaa\x83\x83\x46\x52\x46\xdf\xc1\x08\x63"
	"\xd9\x2d\xfa\x9f\xa3\xef\x2b\x1a\x3d\xfd\xfe\xf4\x0e\xf3\x3b\xd1"
	"\x52\xcc\x06\xc4\xc2\x55\xab\xda\xcf\x79\x9a\x36\xb2\xc6\xa9\xad"
	"\x09\x85\xdc\xcc\xe4\xd1\x6f\x2f\xaf\x23\x16\x67\x83\x14\xc2\x7b"
	"\x1d\xb3\x29\xc1\xb2\xf7\xfa\xdb\xc3\xe3\x69\xf4\x63\xbc\x85\x46"
	"\x69\x32\xfe\x5b\x53\xd6\x0e\xa3\xcc\x1d\x5e\xbd\xbc\x7c\x7e\xa3"
	"\x98\x75\x9f\x4e\xff\x3e\x7d\x7e\xf9\x3a\x7a\x3e\xfd\xa7\xdf\xd7"
	"\xeb\xd7\x87\xaf\x7f\x3c\x3d\xca\x38\x7a\xcd\x82\xbd\x0e\x28\xc0"
	"\x76\x3b\x9a\x0f\xea\x03\x59\x3a\xe0\x7e\xb5\xe7\xe3\xaa\xc6\x8d"
	"\xd8\x8a\xb0\xfd\x41\x09\x4f\x31\x75\x4b\x52\x0a\x9a\x13\x11\x90"
	"\xea\x08\xea\x40\x04\xa5\x26\xcf\x6e\x6c\xeb\x72\xfb\xb0\xd1\x38"
	"\x69\xb5\x27\xec\x23\xd3\x61\x04\x2c\xf2\x2b\xda\x8e\x25\x1d\xc1"
	"\xc4\x0d\xb6\xb3\x4d\x9c\xc2\x2e\xa0\xcb\xc6\x8a\x6f\x0d\xc3\xe6"
	"\x96\x54\x0d\x05\x45\xaf\xe3\x08\x39\x05\x5d\x3b\x9e\xcd\x72\x5e"
	"\xe3\x2e\x24\x39\xe1\x5e\x20\x8b\x1c\xbd\xa8\x8f\xd0\xad\x9d\x45"
	"\xd3\xa2\x40\x26\x06\xe1\xe6\xea\xc2\x13\x5e\x9c\xf8\x21\x14\x24"
	"\xcf\xf4\xc5\x06\x6a\x50\x90\xcf\x81\x16\xb9\xeb\xeb\x85\x75\x7c"
	"\xeb\xd5\x66\xf0\x3c\xb6\xfb\x44\x6f\x13\x41\xed\x2a\x9b\x65\x51"
	"\x81\xc1\x32\xfa\x19\x11\x3a\x60\x18\xed\x45\xc2\x8d\x33\xf6\x28"
	"\x36\xa8\x06\x04\x2e\xc4\x70\x92\xa5\x59\x72\x30\x68\x1d\xfd\xa8"
	"\x36\xe3\xf0\x05\x61\x3a\xd5\x26\xfc\x37\x8a\x05\x8b\x53\xe4\x37"
	"\x84\x7f\xc4\xbe\xd5\xcc\x10\x0a\x7e\x98\x3e\xfd\xfa\x4a\x67\x88"
	"\xd7\x97\x6f\xef\x4f\xcf\x27\x6b\x47\xa1\x7a\xb6\xbb\xfd\x21\x0e"
	"\xac\x8a\xac\xb6\x1c\xd6\xb1\xa5\xef\xb3\x81\x18\x4c\x92\x45\x0b"
	"\xb8\x8f\x2c\xbb\x4c\x0b\x86\xb0\xfe\xde\x72\xd9\x3a\x58\x23\xfd"
	"\xaa\x17\x0e\x05\x07\xe2\xf3\xd7\xb7\x18\xa8\x5e\x9c\x22\x0c\x8a"
	"\x3a\xba\x43\x3f\x79\xf2\xd3\x50\xd3\x19\x29\x3d\xe0\xb0\xe2\xb2"
	"\xd1\x23\x8c\xdb\xa3\xbf\x09\xcb\x1d\xf2\xd6\x7b\x4b\xe2\xbe\x20"
	"\x61\x62\xfe\x21\x77\x59\x4c\x46\xf7\xdc\x9d\xd1\xd3\xdb\xd7\xcf"
	"\x0f\x7f\x8d\x72\x1c\x1f\x3e\xf7\xfa\x86\x51\x39\x1f\x0c\x9d\xbd"
	"\xa1\x48\xf3\x04\xa1\x24\x56\x15\xee\x60\x6b\x14\x8a\x3a\x03\x48"
	"\xe6\xac\x9e\x51\x48\xc8\xab\x5d\xc5\x37\x75\x82\xb7\x3a\x8f\xe1"
	"\x66\x5b\xa7\xc1\x4d\xb0\xcf\x8f\xad\xc9\xee\xa2\xbc\xdd\xee\x52"
	"\x8a\xc0\x7f\x71\x75\xfd\x31\x74\x3f\xf0\xb5\xb4\x7f\x89\x60\x22"
	"\x51\x5d\x5c\x5d\x64\xf1\x85\x37\x03\x75\x8b\x8e\x94\x2f\xe5\x1e"
	"\x96\xca\x69\x04\xd7\x3a\xff\x08\xd2\xb2\x02\xde\x1a\xd6\x6b\xd3"
	"\x33\xb2\x80\x81\x79\x49\x81\x69\x36\xf5\xae\x22\x73\xba\xeb\x73"
	"\x4c\x83\x7c\x00\x2d\x2f\x54\x14\x87\xc3\x71\x7c\xb1\xba\x98\xce"
	"\xb6\x03\xe3\x59\x71\x53\x04\x65\xbe\x8c\x8b\xe2\x1e\x5b\x84\xc8"
	"\xf3\x78\x86\x37\x64\x3c\x8b\x12\xdc\x08\x8b\x0c\x8e\x51\x67\xeb"
	"\x68\xc4\x53\xce\xe3\xe9\x26\x70\xdf\xac\xfb\xc2\x04\xf6\x7c\xfa"
	"\xcb\xc5\xd1\xe3\x0e\xe7\x2c\xb0\x08\x82\x73\xe2\x2f\xe3\xe4\x66"
	"\x57\xcf\xa6\x77\x87\xd5\xd8\xa3\x96\x31\xc3\x9a\x7c\x38\xf0\xd2"
	"\x75\x0b\x4f\xb3\x62\x5c\x1e\x3d\x16\x54\x82\x13\x85\x5f\x5e\xcc"
	"\xa6\xd5\x38\x8d\xcf\xe3\x27\x50\xc5\x21\x55\x16\x5c\x4b\xae\xae"
	"\x16\xd7\xd6\x16\x2c\xa6\xae\x4a\x53\xd2\xee\xfd\x6d\x85\x06\x62"
	"\xcd\xea\xf6\x68\xb2\x7c\x7d\xfa\xf4\x7b\x7f\xf1\x55\x3a\x4c\xd4"
	"\x1b\x6c\x8f\x57\x1d\xfb\x09\x6b\xee\x84\xd1\x96\xb2\x6c\x5b\xc1"
	"\x8a\x2d\x84\x68\x0f\x8d\x07\x9d\x45\xa2\xc0\x3f\x03\x69\x75\x18"
	"\xcc\xdc\x47\x0d\xca\xe2\x35\x6e\x83\x70\xc2\x81\x30\xa2\x1c\x36"
	"\xb6\x38\xd7\xc4\xf5\x72\x71\x79\x71\x98\xd6\xab\x3b\xef\x80\xa4"
	"\x6d\x33\xaf\xb6\xd3\x99\xe7\x95\x56\x09\x8b\x76\x3d\x44\xeb\x41"
	"\x82\x4f\xff\xf0\xc3\x5e\x8e\xfd\x3c\x01\x8e\x7f\x0c\x01\x7e\x7d"
	"\xe1\x79\xb0\xa7\x9a\x08\xee\xf3\x54\x26\x78\xb5\x41\x54\x07\xfc"
	"\x3b\x9c\x4f\x21\x15\xf8\xe0\xb9\x9d\x9a\x19\x75\x57\x6e\x12\xe4"
	"\xf9\xe2\x77\xfd\xab\xb9\xdb\x9c\x8b\x11\x31\x73\x57\xb9\x2f\xfc"
	"\x0a\x61\xa4\xd0\xeb\xd2\x74\x4d\x2b\x04\xbe\x1d\xef\x8f\xfe\xae"
	"\xa2\x33\x0d\x14\xb3\xf0\xe3\x74\x9b\x66\x10\x35\x64\x6f\xca\xd7"
	"\xfe\x3d\x70\x93\x94\x94\xf9\xd9\x67\x59\x4a\x14\x18\xe5\x26\x41"
	"\xd6\x24\x6f\xb7\x66\xc7\x72\x65\x69\xa0\xad\x61\x47\x71\xd7\x41"
	"\xc8\x5b\x3a\x4f\x7d\x51\x1f\x58\x1c\x34\xd4\xac\x13\x92\x98\x6c"
	"\x6a\x59\xc4\xe2\x8b\xf0\xd9\xd8\xfa\xa0\xc3\xbd\xdd\x27\xc5\x0d"
	"\xe9\x45\x79\x92\xad\x5e\x71\x85\x46\x6e\x8d\xdf\x7e\xc3\x7d\x3b"
	"\x3a\xfd\xfb\x09\x47\x21\x00\x34\x85\x15\xf4\x7f\x59\x44\xa1\x3b"
	"\xda\xe9\x8a\x6f\xdb\x5d\x85\x48\x48\xf2\x13\xfe\x36\x2d\x6a\x8e"
	"\xb3\x7c\xb8\x75\xb6\x09\x24\x90\x88\x24\x46\x3a\x0d\xcc\x23\x24"
	"\x35\x72\xcb\x0d\x58\xf4\x46\xa9\x8f\xd9\xee\x43\x02\x70\x68\x3f"
	"\x5f\x62\xa3\x85\x10\xad\x05\xb0\xdf\x3c\xc4\xe3\x52\xc9\x1a\x1d"
	"\x5a\x68\x10\x52\x27\x22\x1f\xc3\x79\xe6\x9e\x6a\x28\x08\x3f\xa7"
	"\xd0\x77\x90\x25\xba\xf7\xd8\x91\xb0\xad\xb8\xa7\x21\x95\xc7\x54"
	"\x85\x10\xdc\x67\x39\xc0\x91\xe1\xb3\xf2\x02\x77\xc8\x9a\x4d\xb6"
	"\xb2\x5e\xf9\x94\xe3\x88\x8d\xfc\x7d\x0d\xdb\x42\x51\xe5\x49\xcc"
	"\x82\xba\xa1\xb0\x74\x6f\xd4\xc4\xd7\x95\xe7\x74\x00\x18\x32\xc2"
	"\xc2\xe0\xcb\x57\xe7\xc0\xa9\x1d\x65\x83\xea\x1e\x3e\xd3\xbe\xb2"
	"\x80\xfa\x40\xa5\xfb\x10\x02\x92\x65\x70\xf0\x05\x9f\x21\x68\xe2"
	"\x95\xde\x36\x46\xa2\x15\x64\x5c\xf3\x55\x79\x73\x5f\xb8\xcd\x0d"
	"\x40\x76\x1a\xad\xbc\x12\x38\xec\x76\xd1\x6e\xe7\x5e\x95\x50\x14"
	"\xbe\xbd\x30\xff\xf0\x55\x0a\xef\x4e\xbc\x4f\x78\x87\x44\x50\xb8"
	"\xf3\xc2\x80\x6e\x9e\x79\x89\xe2\xac\x8f\xb7\x20\x4b\xed\xda\x4e"
	"\x69\xc8\x08\x36\xd3\x7b\x7f\x7b\x7c\xd7\x14\xd4\x89\xb5\xb3\x5e"
	"\x1f\x2b\x64\x48\xf6\xce\x00\x6d\x7a\xe8\x6b\x6f\x16\xd3\xc1\x02"
	"\x49\xe2\xbc\x08\x08\xb5\xec\x73\x46\x07\x07\x9d\x6b\x84\x6c\xd6"
	"\xb2\xc0\x35\xbc\xdc\xc4\xb1\x57\x9a\x03\x27\x7d\x90\x2e\x4b\xcc"
	"\x2e\x8f\x5b\x04\x81\xb3\xab\xb1\x7b\xdd\xa0\xa7\x90\xc8\x0e\x00"
	"\xae\x17\x5d\x4a\xff\xc0\x69\x67\xc8\x28\xa9\x79\xee\x6a\x17\x5b"
	"\xfa\x18\x22\x27\x3a\x65\x53\x60\x4f\xc2\x2f\xed\xd2\x4b\xb0\x74"
	"\xb6\xba\xc0\x46\x3c\xa9\x3c\x27\x4d\xc6\xc9\x10\xc1\x6e\xba\x5e"
	"\x79\x2c\x08\x19\xa5\x3a\xc0\xa4\xf5\xd6\x3a\xc4\x19\xc1\x11\x02"
	"\xd6\xac\xeb\x89\xe7\xec\xd0\xc0\xa7\x9e\xb3\x07\xc1\xab\x68\x37"
	"\x99\xb9\xf7\x3c\x02\x1f\xd6\xeb\xc9\x6c\x3a\x09\x66\xce\x3e\x27"
	"\x8c\xe6\x1d\xc4\x8b\xc0\x47\xee\xcc\x3d\xe8\x88\xc0\xc0\xfd\x86"
	"\xc0\xb8\x05\x4d\xe7\xd7\xab\xb5\x47\x67\xc2\x14\xb2\x12\x8e\x08"
	"\x37\xb8\x9b\x78\x99\xd8\x1c\x17\x53\x4f\xc0\x4b\xa2\x80\xcb\x10"
	"\xee\x86\xb6\x53\x60\x6f\x1c\x58\xdd\x6d\xd4\xce\xed\x38\xd1\x9e"
	"\xb5\x72\x13\x6e\x81\xb0\x47\x70\x32\x27\x30\x54\x52\xf5\x3b\xd8"
	"\xb8\x49\xcc\x1e\x1b\xfc\xaa\xc9\x5e\x27\x84\xea\xae\x0d\x01\x6d"
	"\x61\x9c\xeb\x96\x79\x5b\x23\x63\x79\x02\x12\xb5\x58\xb0\x2f\x9f"
	"\x4f\x3d\xd1\xd4\x3a\x58\x6e\xb3\x4d\x81\x94\xc3\xd6\xdc\xbd\x18"
	"\xb7\x48\x5e\xbb\xdb\x16\x25\x3d\xc0\xc3\xf2\x2a\xcd\xa5\x9c\xcc"
	"\xac\x68\xd1\x96\x11\xfc\x29\xdc\x47\xdc\x16\x09\x07\xcf\x63\xb8"
	"\xb5\xce\x3e\x5a\xe4\xa4\x6f\x11\x13\x7e\xb7\xb6\xd2\x48\xe3\xfd"
	"\x7d\x07\x13\xae\x2d\xae\xff\xb0\xe9\x71\xef\x3e\x02\x07\xd7\x19"
	"\x3b\xde\xb8\xae\x44\xa0\x84\xe9\xbe\x9a\x4c\x66\x6d\x95\xe5\x6e"
	"\xbf\x15\xd9\x22\xcb\xce\x0f\x4e\x5d\x22\x1e\x47\x00\x87\x7b\x95"
	"\x70\xad\xd6\x1f\xea\x38\xb5\xa9\x10\x56\x9d\xc4\xe1\xf5\xa5\x78"
	"\x91\x20\xe4\xcd\x5d\x14\x0b\xa3\x35\xfa\x04\x7b\xa4\x0c\x27\x13"
	"\xc1\x14\x3e\x52\xd6\x47\x7e\x25\x44\x84\x68\x9d\xdb\x58\x37\x87"
	"\x8a\xfc\x82\x95\xd3\xc6\xa7\x2f\xb5\x4e\x5c\xce\x66\x1e\xa6\xb3"
	"\x08\x1f\xd6\x0c\xa4\xa7\x95\x9d\x29\xa8\x11\xaf\x9c\x6f\x06\x24"
	"\xad\x62\x9b\xa2\x97\x86\x46\x14\xb3\x0d\x2b\x6c\x76\x48\xbd\x8d"
	"\x7d\x36\x2a\x3f\x4c\x4d\x66\x06\x62\x44\xdb\xc2\xd4\xbb\x14\xcb"
	"\x8e\xb4\x37\x21\x20\x2c\xe7\x43\x64\x6f\xb2\x29\x41\x95\xb5\xdc"
	"\xc1\x7d\x9a\x80\x0c\xb3\x38\x6c\xa1\x94\xc9\x55\xb6\xcf\x42\xeb"
	"\x59\x6a\x58\xd0\x32\xbe\xdd\x93\x15\x44\x21\xcb\xcb\x86\xaa\xc7"
	"\xec\xae\x74\x70\x87\xce\xdc\x27\x34\x6a\x4c\x40\xd6\x57\x92\xa0"
	"\x55\x65\x56\xe5\x81\x7b\xc7\x61\x29\xa9\x94\xd3\xfb\xf1\xfc\xd2"
	"\xa3\x54\x26\xac\x2c\xdf\x77\x62\xb4\x08\x9e\x61\x40\xd2\xe5\x37"
	"\x88\x10\x42\xd2\xbd\x7e\x30\xc3\x15\x32\x2a\xfa\x39\xc6\x9d\x0a"
	"\x60\xbe\xa8\xb8\x97\x59\xa6\xb1\x87\x4a\xcf\xbd\x26\x36\x60\xcf"
	"\x46\xd9\x80\x7d\x91\x1e\x49\xa2\x77\xee\x03\x06\x15\x45\x42\x02"
	"\x4f\x16\x04\x82\x86\x01\xf2\x64\xcc\xbd\x9d\x11\xe2\xa1\xc5\x93"
	"\xbc\x90\x4a\xc3\x9d\x03\xfb\x8e\xbf\x74\x39\x43\x82\x85\x21\xf0"
	"\xdc\xe3\x1b\xce\xac\x55\xc7\x95\x5b\x4d\x43\x50\xa4\x52\x4f\x11"
	"\x9f\xc8\x4b\x7c\xcd\xe1\x8b\xbc\x60\xbc\x27\x0c\x16\x57\xe4\xdd"
	"\x07\x0f\xaa\x9e\xc9\xfb\xc1\x8a\xbc\x1f\x8e\x45\xdb\x7d\xa5\x22"
	"\xda\x99\xe7\x2a\x46\x30\x28\x4f\x77\xbe\x60\x3e\x00\x27\xb8\x4a"
	"\x7b\xf2\xef\x51\x69\x05\xf6\xb8\x41\xb7\x08\xd1\x2f\x5e\xb9\x35"
	"\x14\xdc\xfb\xa8\x24\xe1\xc7\x40\xcc\x87\xf1\xd4\xb3\xf3\x73\x1b"
	"\x19\xee\x1f\x37\x2b\xe8\x8e\xfd\xd0\x0d\x82\x49\x78\xd9\x27\xa0"
	"\x7f\x8e\xc2\x0c\x08\x61\x2a\xfd\xbd\x86\x85\x34\x4e\x17\x47\xff"
	"\xa0\x6b\x10\xfc\x55\xdc\xec\x8a\x35\xa2\x3a\xf9\xa7\x6b\x8a\x20"
	"\x1b\x5e\xf6\xd3\xe3\x7c\x36\x9f\x79\xee\xf9\x24\xba\x2c\x39\xfa"
	"\xb2\x4a\x10\x78\x9b\x4d\x3c\xa1\xe0\x09\x9a\x87\xc7\x8d\xb5\xd0"
	"\x5b\xeb\x32\xa2\x84\x54\xb8\x72\x7a\x79\x2b\xb2\xd8\xe3\x35\x40"
	"\xb4\x01\xf5\xe4\x83\x32\x50\x8f\xaf\x0c\xc1\xcb\xd8\xe3\x74\x49"
	"\x40\x84\xd2\x5a\xf8\x2e\x7e\x02\x7e\x66\x7d\xe6\xeb\xe7\xae\x74"
	"\x1f\xa5\x98\xcc\xd1\x1b\x06\x16\x4c\xdc\x67\xab\xce\x42\xc9\xba"
	"\xa7\x4d\xf4\x13\x3f\x31\xf2\x0f\xb1\x07\x6d\x90\x60\x82\x07\x8b"
	"\x14\x67\x07\x8e\x43\x0e\x87\x42\x82\x6a\xe2\x63\xfc\x61\x6e\xcc"
	"\xd3\x58\x20\xdd\x03\x02\x6c\x27\xed\xc3\x01\x19\x53\x06\x7b\x18"
	"\x5b\x75\xf7\x3a\x02\xec\x03\xe8\xff\x65\xd5\x56\x4f\x13\x46\x18"
	"\x24\xc1\xed\x20\xc6\x1c\x3a\x3e\xff\x68\x20\x1a\x9b\x64\xe5\x8b"
	"\xfe\x44\x6d\x58\x86\x91\x57\x23\x46\x70\x22\x91\xef\xac\xeb\x48"
	"\x8f\x4d\xc0\x37\xc3\x18\x15\xe2\xb2\x7b\xd3\xb1\x37\xd5\x1c\xe0"
	"\x45\x1a\x58\x0b\x96\xe8\x0b\xe2\x83\x25\x59\x23\x84\x8f\x2d\x64"
	"\x18\x71\xf6\x3e\x98\xf3\x69\x57\xf0\x64\xf1\x89\x77\x64\xf8\xba"
	"\xf8\xd7\xa7\x80\x83\xaa\x00\xd3\x2b\xfa\x36\x05\x28\x5e\xeb\x2d"
	"\x95\x15\x8f\xb1\xf2\x25\x1c\xa9\x47\x6d\xb2\xf2\x58\xbd\x9e\x4e"
	"\x6f\x8f\x0f\x30\xaf\x41\x50\x1e\xd2\xe9\xaa\x71\xa8\xcc\x3d\x5a"
	"\xd4\x97\xaf\xf4\xd6\xfd\xc6\x86\x21\x76\x91\x7f\x76\x07\x2e\x35"
	"\x82\xb2\x88\x06\x65\xe1\xe7\xb1\x41\x2a\x03\xff\xfe\x6d\x70\x3c"
	"\x4f\x31\x3c\xca\x75\x65\x65\x1e\x79\x32\xeb\x4a\xac\xf8\x5c\x75"
	"\x09\x8c\x3d\xd1\x91\x3e\xb3\x5d\xa2\x05\x91\x62\xd8\x22\x0c\x31"
	"\x39\xf2\x5a\xd2\xb5\x86\x1e\x31\x9f\x64\x96\xaa\xb9\x07\xa7\x9b"
	"\xb2\xec\x45\xd5\x3d\x55\xf6\xf4\xf8\xfa\x72\xfa\x7c\x7a\x44\x76"
	"\xf2\x67\x32\x8c\x29\xe9\xf6\x3f\x02\x45\x6d\xb8\xd7\x1a\xf1\xf7"
	"\x48\x1e\xf1\x28\x82\x87\x29\x1f\x67\x08\x70\x51\x45\x56\x9d\x62"
	"\x14\x33\xcb\xf4\x14\x82\x56\x2a\x87\x0c\xdd\xb5\x70\x56\x69\xcc"
	"\x22\x5d\x9d\x1d\x84\xd7\x57\x18\xd2\x84\xe5\x7a\xdb\x6f\x3a\x00"
	"\x36\xe6\x7b\x64\x51\xf1\x2f\x2a\x54\xbf\x42\x9a\x8f\xd1\x82\xef"
	"\xa1\x06\x44\xb2\xe0\x3b\x57\x2d\x2c\x5a\xfc\xdb\x29\x57\x7b\x83"
	"\x97\x24\xff\xae\xae\x51\x66\x97\x8b\xe1\xaa\x6e\x90\xfc\xe3\x2c"
	"\x15\x04\x64\x3f\x47\x05\x61\x72\xce\xa0\x5c\x4e\x3d\x9e\xaa\x46"
	"\xda\x37\xf0\x20\x3e\xc3\x6e\x1a\x5e\xfa\xd4\xc7\x0d\x99\x25\xcc"
	"\x20\xcf\xe2\x54\x88\xad\xe3\xdf\x15\x49\x78\x61\x39\xbd\x4c\x07"
	"\xf6\xfe\x16\x67\x58\x36\x8a\xce\xb0\x88\x15\xce\xe5\xa0\x00\x43"
	"\x5c\x3b\xd2\x33\x42\x66\x1c\xe4\x35\x39\x37\x12\x15\xde\x70\x87"
	"\x29\x1c\xff\x25\x4a\xb5\x1f\x3c\x79\x0c\x24\x9a\xee\x20\x3a\x1e"
	"\x9f\x76\x89\x32\x70\x72\x6e\x6a\xba\xfa\xbe\x86\x01\xed\xdc\x04"
	"\x23\x9e\x8e\xc7\xc5\xf7\xc8\x69\xea\xcd\x45\x40\x4b\x0e\x8f\x93"
	"\xd9\xd4\xe3\x5c\xdd\xb6\xef\x72\x9a\xda\x17\xdd\xce\x1a\x46\x7a"
	"\x31\xb5\x1e\xb9\xf6\xd7\xb8\xbc\x1a\xfb\xa2\x6a\x6b\x2e\x80\xe2"
	"\x0d\xaa\x6d\x50\x10\x10\x62\xb8\x3f\xe3\x72\x31\x9d\x9c\x17\x8b"
	"\x46\x3b\x27\xe5\x75\x95\xcd\xcf\xac\x9d\x09\xac\x7d\xea\xe2\x66"
	"\x7a\x31\x1d\x66\x0c\xea\xa5\x6b\x58\x18\x0c\xcf\x22\x46\xf2\xbc"
	"\xbf\x37\x5d\xc1\x38\xd7\xbe\x90\xe0\x5a\x52\x8c\x34\x3d\x33\xae"
	"\x55\x6d\xfe\x5b\x13\x8d\x0d\x3c\x85\x2c\x90\x79\xb6\xbe\x23\xa5"
	"\xfb\x16\x1a\xa2\xe1\xcd\x55\xa2\x6b\xa7\xb4\xc1\x25\x01\x7a\xbc"
	"\xf1\x7c\x40\x15\x41\x2c\x10\x0e\x4c\x56\xce\x0e\x75\xc6\xbb\xf6"
	"\xc7\x0b\x69\x04\xd8\xe0\x9d\xeb\x7c\xc2\x43\xc4\x8b\xef\xaa\x97"
	"\xf0\xbe\x83\x1e\x46\xef\xc2\x1f\x36\x45\x30\xa8\x10\xbf\x83\x22"
	"\xd2\xc8\xfe\xf9\x3d\x1c\x32\xde\x39\x7a\x08\x3e\x35\x3f\x33\xbf"
	"\x08\xc5\x13\xdc\xa6\x61\xbf\x5c\x57\xa9\xd7\x92\xcd\x20\xb1\x9d"
	"\x3e\xce\xdd\x79\x9a\xac\x12\x5b\x8f\xd9\x3b\x5f\xc1\xf5\x72\xa5"
	"\x8f\xfa\xe7\x4f\x3c\xe7\x0f\xa5\x65\x99\x4d\x7c\x01\x3a\x0c\x7f"
	"\xc0\x41\xfa\xfa\xb3\x9d\x4a\xb4\x08\xef\xdc\x7e\x05\xbc\xd9\xe5"
	"\x99\x99\x8d\xa8\xc4\x53\xcf\xa3\x9d\x61\x0b\x28\x03\xfa\x55\x9a"
	"\x2e\x08\x6b\x8c\x27\xf5\xe1\x33\x72\x15\x94\x93\xcb\xa1\x7b\x3d"
	"\xe8\x00\xe7\xf2\xe2\xcc\x79\x87\x70\xae\xec\x54\xa7\xbd\xce\x63"
	"\x9c\x01\x85\x20\xf1\x0c\x1c\x9c\xbe\x86\xd7\x46\x18\x36\x23\xf1"
	"\x93\x5f\x19\xcc\x74\x56\xc1\xf5\xe2\xea\x0c\x4e\x7a\xc0\xd3\x67"
	"\x80\x1c\xb3\xd3\xb3\xbd\x56\x09\xdc\x73\x93\xc7\xe0\x22\x66\x91"
	"\x75\x65\xed\x4b\xa4\xa1\x8a\xde\x9e\x7d\x3f\x0f\x8c\xfd\xfd\x5c"
	"\x9c\xe1\xa1\x9c\x06\x13\xc4\xcd\x1e\x5c\x9d\xe1\x73\xc1\xc7\x8c"
	"\xf3\x48\x67\x0e\xe0\x08\xb0\x74\x39\xa0\x64\xa7\xae\x23\x14\x8f"
	"\x55\x45\x33\xf8\x19\x65\x78\x90\x10\x8a\x27\x3a\x8a\xa0\xe2\x8b"
	"\xe4\x2a\x51\x3c\x46\x2e\x12\xe5\xcc\x3a\x08\x5e\xbc\x89\x1a\xf4"
	"\x36\x4d\x28\xbe\x44\x22\x02\xe5\xcc\x8c\x27\x2a\x97\xc3\x47\x78"
	"\x42\x39\x73\x3e\x65\x94\xe1\x33\x0c\xa1\x2c\x86\xcf\xdc\x40\x59"
	"\x5c\x9c\x1f\xd4\x1a\xed\xdc\x68\x06\x9a\x2f\xbb\xa7\xe8\x88\x6b"
	"\xcf\x9b\xb6\x85\x72\x96\xed\x6b\x5f\xae\x83\xb6\x23\xae\xaf\x86"
	"\xef\x76\xc4\xae\x2f\xc7\x8d\xa6\x02\x5d\x00\x54\x1d\xd7\xf3\xdc"
	"\x63\x1d\xda\xf0\x4c\x67\xb3\xab\xcb\xe1\x95\x2c\x43\xf4\x21\x5f"
	"\x16\x0c\x5d\xdd\x36\xd8\x2f\x2e\x3d\x96\x60\x4d\x55\x84\x33\xf4"
	"\x04\x46\xb3\x93\x71\xce\x2d\xd0\x79\x40\x69\xcf\x3c\x56\xd7\x5c"
	"\x9b\xda\xf4\xe9\x95\xd5\xbf\xa4\x28\x1c\x18\x34\xf1\x6b\xac\x17"
	"\x4f\x69\xfe\xd6\x45\x90\x23\xb2\xf5\x10\x41\x89\xe8\xa2\xca\xca"
	"\x95\x4d\x12\xf5\xa3\x34\xe0\xa3\xbc\xcb\xe0\x67\x93\x56\x18\x9b"
	"\x6c\x11\x6f\xd7\xd5\xc6\xc9\x1e\x10\x3b\x01\x3b\xf4\x5d\x69\xaf"
	"\x28\xea\x5f\x44\xaf\xb5\x0e\x51\x6a\xa8\xaf\xa7\x47\xb8\xd9\x8d"
	"\x00\x72\xe9\x7e\xa8\x44\x30\x23\x43\x7d\x5f\xbd\x14\xb0\x67\xcf"
	"\xc6\xf5\x03\x18\xc5\xde\xda\x1b\x04\x3b\x01\xf2\x32\x5b\x11\xe8"
	"\xb8\x46\xfa\x68\x07\xbf\x30\x5b\x1a\xc3\xcb\xbd\xfb\xb4\xc1\xc0"
	"\x3d\x69\xcb\xbd\xcc\x2c\xe3\xf4\xc6\x63\x9a\x4b\xa5\x97\x31\x42"
	"\xc0\xd5\x9e\x84\xd3\x84\x10\x22\x40\x7a\x71\xef\x25\x0f\x2b\x6f"
	"\xb4\x6e\x00\x8e\xb4\x9d\xc8\xa0\xe0\x2f\xbf\xdb\xaf\x03\x3f\x18"
	"\x0f\xfc\x51\x72\x13\xdf\xfb\x9b\x1f\xb2\x4b\xa7\x9f\xbe\xf2\xab"
	"\xf6\xc2\x31\x8e\xd6\xbb\x2d\x79\x67\x78\x51\x62\x38\xbb\x0d\x08"
	"\x08\x99\x2b\xac\x77\x60\xd1\xd9\xe4\x29\x6d\x67\x14\x27\x89\xc6"
	"\xa9\x5b\xa9\xc4\xb0\x8f\x68\xac\x97\x13\xb8\x51\x21\xb2\x8b\x7b"
	"\x66\x53\xe9\xf5\xca\x63\x46\x4d\xc0\x0d\xa2\x1f\xc6\x6e\x6b\x08"
	"\x2e\xbb\xdb\xad\x11\xbe\x62\x13\x64\xbe\xe0\x87\x8c\x55\x21\xb7"
	"\x95\xbf\xbb\xc0\xfc\xf0\xd4\xb8\xb9\xf7\xcb\x79\x8f\x3c\x0f\x3e"
	"\x5b\x53\xaa\xfb\x2e\x48\x7d\xe1\x0a\x99\xb5\x7b\xc4\xe1\x81\x89"
	"\xb7\x57\x7a\x09\xa2\xcf\xfa\x6b\x87\xaf\x92\xb7\xe4\x2f\xc1\xd2"
	"\x13\x45\x9d\x2a\xae\xee\x92\xed\xc6\x1e\x03\xd6\xec\xbd\xc1\xab"
	"\x2f\xac\xb3\xf1\x1c\xe3\xad\x20\x0d\x39\x39\x86\x1f\x6e\xdb\xa6"
	"\x59\xe4\xd3\x98\x92\x0b\xfb\x8b\x42\xa6\xdd\xf5\x4c\x0c\x51\x36"
	"\xef\xcd\x76\x08\x67\xd9\x5d\x88\xb3\xe0\x7e\x05\x43\x4b\xff\x42"
	"\xc8\x91\x8f\x30\x79\x64\xd5\x92\x72\x42\xd1\xe9\x77\x2b\x0a\x15"
	"\x60\x31\x0c\x0b\x00\xc4\x64\xb1\x87\xb9\x2c\x87\x14\x2d\x09\x8f"
	"\x22\x14\x14\xdf\xb7\xf4\x6a\xb8\x8d\xac\x57\x3d\x12\x3f\xbc\x21"
	"\x24\x07\x56\x55\x88\x8e\x93\xb8\xd5\x29\x54\x12\xf1\x84\x06\x26"
	"\x04\x7c\x07\x28\x31\x45\xba\x1b\x98\x70\xb0\x3e\x87\xec\x3c\xb6"
	"\xc8\x54\x45\x1e\x23\x68\x50\x27\xd6\x87\xc5\x61\x8e\xe5\x13\x96"
	"\x90\xb2\x05\xa2\xcd\x30\xf2\xa4\x00\x3f\x70\x03\xb3\x42\xb9\x30"
	"\xe5\x22\xc1\x09\x46\x96\xb3\xe8\x22\x22\x37\x96\x4e\xff\x90\x86"
	"\xe1\x54\x18\x54\xde\xe2\x58\xb3\x87\x64\xa3\x9d\xc0\x64\x71\xc1"
	"\x35\x45\x27\x93\x9d\xce\xd1\xca\x06\x56\x50\xce\xcb\x0b\x93\x3e"
	"\xff\xe2\x84\x6c\x3d\x81\xf5\xbc\x63\xb5\x15\xd0\x38\xa5\xd0\x52"
	"\x1e\xf3\x00\x12\x17\x5c\xfa\x10\x55\xcb\xbf\x8d\xc0\xfa\x5b\xb6"
	"\xc6\xa2\xbf\x2e\xe2\x18\xde\x78\x1e\xdb\x14\xa6\x9e\xc1\xf6\xe0"
	"\x97\xdd\xfd\x60\x15\x55\x32\x30\x4d\xb1\xb2\x95\xbe\xec\xc4\x54"
	"\x03\xf9\x1a\xad\xfd\x22\xa8\x36\x70\x67\xad\x10\xe1\x1a\x33\xcb"
	"\xdb\x8e\x3d\x1d\x9a\xe0\x38\xe5\xbe\xc8\x50\x2d\x77\x41\xe7\xe9"
	"\xce\x92\xc3\x5d\x82\x50\x69\x03\xcb\xe4\x31\xc1\x6c\xf0\xd6\xfe"
	"\x31\x2e\x76\x83\xf2\xf9\x78\x0f\xbf\x33\x0c\x76\x2f\x05\x95\x8e"
	"\xa6\xde\xec\xdd\xbe\x44\xd4\x80\x20\xcd\xfd\x7d\x7c\x7b\xb0\x64"
	"\xc3\xe7\x41\x3c\x71\xf3\x59\xb0\x7d\x7b\xd4\x03\x59\x3d\xe3\xf7"
	"\x8e\xa7\x39\xce\x8d\xe2\x59\xce\x46\x56\x31\xac\x98\x2e\x69\xab"
	"\xc0\x90\x38\xf2\x1a\x51\x02\x84\x97\x56\x1f\x99\xdd\x06\x51\x9e"
	"\xc8\xa1\x07\x9b\xb1\x72\x0f\x6a\x97\x41\xe2\xa9\x8d\x65\x26\xea"
	"\x46\xaf\x61\x55\xb5\x11\x61\x60\xbb\xc1\x76\x8e\x57\xdd\x50\x98"
	"\xa1\x82\x84\x8d\xa6\x6c\x02\x05\xad\x00\xea\xf6\x3d\x0c\x1f\x11"
	"\x51\xeb\xce\x44\x08\x6a\x42\x5d\x58\x71\x4a\x48\x76\xfa\x01\x1d"
	"\x6d\x16\x24\x9a\xfc\x59\x88\x0f\x00\xe7\x12\x6b\x03\xa0\x26\xd8"
	"\x36\xa2\x52\x9c\x46\x46\x84\xb6\xab\xdc\x4b\xb7\x86\xd5\x77\x1b"
	"\xac\x51\x29\xe8\x0f\x51\xa8\x97\x29\x3b\x14\x94\x95\x77\xdc\x10"
	"\x3d\x58\x74\x97\x94\x36\x6c\xbd\x46\xea\x2e\x7c\xf0\xda\x4d\x10"
	"\x32\x44\xed\xad\xf2\x8e\x10\xc2\x65\x60\xa5\x54\x6b\x47\xda\xcb"
	"\xdb\x3b\xb9\xd9\xe3\x05\xfc\x33\x05\x96\x88\x5e\x91\xf0\x9e\x63"
	"\xde\x58\x2d\x0f\xe7\x57\x47\x04\xe2\x47\xc7\xc9\x7a\x84\x80\x8f"
	"\x34\x48\x54\xbf\x5a\x05\xf9\x7b\xb4\x5c\x77\x92\x3d\x74\x4b\xf6"
	"\xfa\x9c\xcb\x35\x1e\x05\xf6\xf8\x88\x3d\x55\xf1\xf7\x62\xb7\x63"
	"\xb9\xd6\xb6\x87\x96\xa8\x8f\xd1\xaa\x8a\x06\x13\x12\x95\xb0\xdd"
	"\x7c\x17\xda\xe3\xa6\xa9\xd2\xf8\x38\x80\x23\xab\x99\xbb\xe3\x1e"
	"\x76\x0a\x9b\xbc\x2b\x21\x0b\x09\xa1\x13\xc6\x63\x3c\x1a\x74\xa4"
	"\x68\xe1\xac\x30\xc6\xc8\xe2\x61\x08\x07\xbb\xec\x94\xd2\xbb\x74"
	"\x70\x44\x2b\x78\xca\xaa\xde\x70\x7c\xc5\xeb\x8a\xb0\x9d\xa1\xe1"
	"\xd1\xe0\x7b\xdb\xb7\xd7\x32\x97\xbd\x6f\xf1\x5d\xa6\x8b\x71\x8f"
	"\x23\x0b\xa3\x58\x04\x48\xce\x09\x03\x86\x0e\xdb\x16\x12\x60\x2a"
	"\xe8\x16\x79\x1a\xca\xca\xcc\x80\x55\x3e\x91\xa3\x10\xf1\x90\xde"
	"\x5c\xf7\x65\x6a\x4e\x10\xba\xf7\x25\x82\xe5\x70\x0b\xf5\x6d\x49"
	"\x04\xbf\xb3\xad\x36\x2c\xee\x2a\x3b\x9d\x09\xf3\x04\xdf\xcb\xf8"
	"\x9f\x23\x2a\x49\x89\x78\xc9\xa9\xed\xd3\xe9\x2b\x45\xac\xa2\x98"
	"\x48\xd0\xa5\x26\x70\xe6\x7c\x1f\x2d\xd3\x1b\x5a\xb9\x10\x71\x6b"
	"\xf4\xe5\x01\x63\x47\x19\xff\x3c\x7c\x7e\x7b\x19\xfd\x7a\x42\xb4"
	"\x96\xd3\xa7\xd3\xa7\xff\x85\xd0\x4f\x27\x8b\xd2\x06\x61\x97\xd8"
	"\x10\xe8\x0b\x45\x94\x7c\x7a\xfe\xed\x05\x25\x45\x87\xea\x1a\xbb"
	"\x83\x51\x7f\x46\x85\x08\x7f\x28\x85\x68\x35\xa6\xc1\xa2\xbb\xba"
	"\xef\x64\x25\x9a\x05\x23\xdf\x2a\x58\x05\xee\x8d\x4e\xe2\x21\xf1"
	"\x1d\xdd\x31\xcf\xd6\x8b\xf0\x3a\x3e\xdf\x7e\x49\x0e\x7f\x7b\x4e"
	"\x85\x12\xab\x8c\xa2\xc2\x93\x1f\xb5\x8b\xe6\x09\x75\x2e\xd1\x7e"
	"\xd9\x67\x79\xb9\xd9\xf9\x97\xf1\x46\x76\xc8\xa9\xb7\x8f\xdc\x26"
	"\xa2\x92\x1e\xcc\xde\xfc\x97\x50\x89\x78\x03\x9f\xbf\xf3\xe4\x9a"
	"\xc8\x6c\xe8\x90\xf0\x7c\x7f\xc4\xf0\x08\xdf\x2f\xe7\x13\x8f\x42"
	"\x99\xaa\xdf\xdb\x4f\x47\x66\xae\x25\x5f\x1e\x7e\x7f\x7a\xfe\xbd"
	"\x09\x56\xc4\xdf\xc5\xf0\xcb\xa2\xd0\x97\x87\x89\xa8\x22\x9a\x65"
	"\x81\xc9\xe1\x3e\x43\x03\x21\x41\x14\x1d\x5f\x52\x19\x2e\x4f\xff"
	"\xda\x44\xb6\x6d\x9b\xa8\x3e\xba\x0b\x29\xe2\x95\x35\xa8\xe9\x1b"
	"\xf4\x0a\x03\x3b\x30\x63\xac\x83\x68\x6d\x7b\x18\x76\xe8\xd6\x11"
	"\x65\x21\x44\x20\x53\xba\x84\x72\xbb\xf3\xcf\x0f\xef\x30\xe3\xfb"
	"\x32\x5a\x7f\xfe\x76\xd2\xdb\xe4\x48\xc7\xda\xb3\x67\xa5\xe2\x21"
	"\x90\xf9\x3e\xa9\x25\xfc\x79\xb7\x82\x05\xa9\x1d\xad\xcc\xc0\xc8"
	"\x48\x0d\xb5\x75\x39\xc1\xf3\xba\xa3\x95\x13\xef\xfc\xa2\x28\x07"
	"\xb0\x0d\xb6\x86\x91\xa0\x49\x9b\xd0\xd5\x5c\x04\x12\xa3\xfa\xf5"
	"\x47\x5a\x9a\x6d\x0e\x0c\x00\x22\x6d\xc4\x61\x09\xbc\x41\x50\x12"
	"\x65\x14\x2f\x67\x0d\xae\x91\xad\xc4\x34\x83\xee\x2b\xe2\x7d\xf9"
	"\x16\xf6\x7e\xb4\x5e\x53\xcc\x0e\x58\xe7\xf0\x28\xa7\x76\xc6\x19"
	"\xec\x09\x65\xad\x56\x5b\x00\x9d\xb8\x1f\x43\xa8\x6c\x10\xed\x2b"
	"\x5b\x89\x6a\x15\x2e\xe3\x43\x19\xfb\x57\xdb\x34\x5e\xef\x2a\xca"
	"\x2d\xeb\xad\xbd\x73\xe7\xb6\x88\x37\x33\x3e\xbc\xbf\x42\x68\x07"
	"\x2f\x89\xf0\x9e\x13\x57\x7a\xe1\x49\xc4\x7a\x15\x2f\x7c\x55\x21"
	"\x30\x4d\x57\x7b\x68\x31\xc2\xca\xe2\xa1\x18\x50\x24\x29\x9c\xb0"
	"\xf1\x1f\xf8\xb9\x79\x2b\xf2\x64\x77\xa3\xc2\x88\xa3\x8a\xa3\xfe"
	"\x21\x81\x7e\x0b\xfb\xa9\x97\x42\xb2\x43\x4c\xca\x22\x19\xc0\xf0"
	"\x04\x0b\xa3\x3a\xe2\x0d\x42\xdf\xa8\x73\x06\xa2\x01\x57\x50\x57"
	"\x77\x67\x18\x82\x4c\xac\x37\x95\x27\x2e\x08\x91\xb8\x47\x21\xb7"
	"\xae\x83\x2b\xf8\x48\xff\x5e\x1d\xfd\x63\x0d\x57\x46\x3a\xd5\x4f"
	"\x2e\xc7\x47\xff\x12\xbe\x41\x86\x3e\xc2\xc2\xf3\xbf\xbf\xd3\x1b"
	"\x24\x44\x28\xb1\xde\x49\xc5\x9c\x27\x4d\x46\x0d\x37\x18\xdc\x24"
	"\x48\x2a\xdd\xc6\x22\x42\xdb\xae\xf4\x69\x79\xa9\x21\xa4\x57\xa3"
	"\x40\xa9\xf5\x76\x79\x75\xc8\x6f\x11\x85\xc8\xda\xde\xcd\x1c\xcc"
	"\xff\xf8\xeb\x0d\x41\xfa\x3e\x8f\xd2\x87\xbf\x70\x97\x68\x27\xa1"
	"\xe0\x25\xdf\x88\x40\x15\x5b\x68\xfa\xa9\x82\x63\x18\x27\x14\xf4"
	"\xd9\x1a\x6b\x1c\xd7\xfb\xb0\xf4\xa8\x48\xa8\x18\x2d\x28\x53\xdb"
	"\x56\x4b\xd4\x44\x1e\xdd\x65\x89\xfa\x60\x2b\x2e\x7c\x19\xe9\xf3"
	"\x2d\x95\xb6\x38\xa1\xaf\x1b\x1a\xb6\xf6\x67\xfa\xc0\x6e\xb6\xf0"
	"\x4b\xd4\x10\x8b\xc7\x7d\x6a\x1b\xc5\x8a\xea\xd5\x8a\xd8\x6b\x14"
	"\xef\x3c\x67\x8e\x66\x7a\x31\xe5\xf3\x1b\xa2\xd1\xa5\x1e\x2d\x12"
	"\x31\x67\xa3\x5a\x9a\x86\x1e\x2f\x35\x09\x13\x41\x36\x83\xbb\x0f"
	"\xd7\x17\x26\xad\xb5\xa0\xd2\x1c\x6b\x28\x1a\x2f\xc2\xba\xae\x28"
	"\x4e\xf5\x44\x6d\x7f\xc0\x1a\xe5\x08\xc1\xf8\x15\xd9\x86\xd1\xc1"
	"\xed\x8d\x91\x3b\x5f\x54\xd5\x5c\x60\xf6\x9e\xbc\x6a\x5c\x1d\x6e"
	"\xb4\x03\xe0\xe6\xa6\xe0\x9d\xfc\xf9\x31\x98\x78\xfc\xe8\x88\x7c"
	"\x76\x18\x24\x4f\xe0\xa9\x75\x8f\xb5\xba\xb4\x44\xf6\x11\x70\xc7"
	"\x57\x21\x2f\x07\x19\x5d\x65\xfc\xb3\x7b\x89\xf2\x43\x2d\x84\xeb"
	"\xc1\xe5\xe5\x74\x3e\x84\x82\x23\x23\x6c\x35\xfc\x55\x30\xdc\x63"
	"\xf6\xc0\x32\xde\xdd\xb8\x83\xe8\x10\x30\x46\x28\x3a\xff\xe9\x56"
	"\x8f\xa9\x81\x80\xd7\x44\x83\xfd\x4a\xbb\x97\x39\x31\x10\xd2\x64"
	"\x89\x03\x0d\x72\xf9\x42\x27\x82\x59\x20\x20\xfb\x3a\xa6\x7d\xca"
	"\xfe\xb8\xaa\xb7\xd2\x63\x99\x6a\x28\xe0\x40\x27\xdc\x6c\xe9\xd3"
	"\x0a\x81\x4c\x10\x69\x41\x0f\xd4\x2e\x05\xe9\x94\xab\xb1\x2d\x8f"
	"\x65\xf5\x0d\x9a\xae\x6e\x41\x04\x5c\x11\x71\xe2\x15\x5a\xa8\x74"
	"\x67\x82\xef\x15\x85\x29\xef\x95\x55\x6f\xcd\x70\xc1\xe8\x12\xc5"
	"\xb3\x6c\xf7\xd3\x6d\x54\xf6\x1a\xb4\xe6\xc8\x99\x56\x35\x70\xbb"
	"\xed\x96\xcc\xbb\x9f\x54\x81\x6e\x8b\x9b\xaf\xf5\x3e\x3e\x20\x22"
	"\x09\xa8\x58\x63\xdb\x80\xfb\x07\x29\x37\xde\xd0\x4d\xda\x10\xdb"
	"\x2d\xed\xad\x50\x01\x78\x61\x37\x38\xaa\x73\xdd\x95\xc4\x03\xd7"
	"\x75\x43\x00\x48\xd0\x34\x2e\xb1\x71\x7b\x27\xa5\xc1\xe5\x81\x73"
	"\x1e\x2d\xb6\x63\x40\xba\xd8\xee\x8c\x36\x37\xff\x48\xe0\x82\x43"
	"\x8f\x6f\xed\x35\x5c\xad\x2c\xa7\x71\x1a\x64\x02\xd4\x1b\x2c\x12"
	"\x46\xae\x63\xb5\x1a\x61\x3e\x0e\xf6\x41\xe8\xf6\xf7\xe8\xd4\x43"
	"\x78\xd0\x2d\x76\x23\x54\x0d\x90\xb5\x96\x20\x97\x8c\x30\x27\x7b"
	"\xb3\x4c\x70\xaf\xa6\x9b\xb7\x82\x83\xdb\xfb\xa4\xc3\xb6\x43\x6b"
	"\xe3\x66\xa5\x3f\x93\x05\x2b\xfd\x29\x2d\x81\xbd\xb9\x2d\x80\xfd"
	"\x89\x2b\x80\xbd\x19\x2c\x60\xbd\xa9\x2c\x60\xd6\x9c\xae\xee\x91"
	"\x44\x40\xce\x57\xfe\x80\xf0\x6c\x1e\x1f\x59\x05\xde\x93\x82\x49"
	"\x68\xff\x8d\x98\x75\x69\xca\xf6\xd9\x89\x0c\x6b\x4e\x6b\xd5\x5f"
	"\x5f\x4f\x3f\x85\x2a\x58\xf4\xd7\xcf\x27\x84\x3a\xff\x39\x3a\x71"
	"\xe8\x68\xf5\x6b\x54\xfe\xe7\xe9\xfd\xf1\x0f\xd7\x83\x81\xa2\x0e"
	"\xe7\xad\x3a\x4f\xa6\xe8\x2a\x58\xd6\xda\x3e\x27\xdd\x4a\x82\xcf"
	"\x08\x67\xfc\x8c\x38\xd4\xa3\x0c\xa1\xd6\xc5\xc9\xb0\xc3\x30\xc5"
	"\x0c\x4e\xab\xae\xf2\xcf\x20\xd1\xa8\xa0\x4b\x79\x5d\xde\x25\xc8"
	"\x38\x2f\x5b\x6e\x6a\xcc\x5f\xfe\xc3\xa1\xd3\x3e\x93\x22\x9b\x54"
	"\x6d\x4a\xe2\xbc\x1c\xe5\x9d\xd5\x3b\xc7\x7b\xe8\x2e\x4d\x42\x71"
	"\x24\xe5\x2c\x65\x54\x4f\x1e\xa9\x03\xa2\x55\x39\xb4\xf2\xac\x94"
	"\x97\x35\x5b\x08\x74\x20\xc4\xd9\xc9\x5a\x0c\x5a\x84\x3b\xeb\xac"
	"\xaf\x19\x43\x98\xfe\x76\xb5\xcf\xef\x0a\xc4\x79\xc0\x45\xd5\xf1"
	"\xb1\xab\x39\x00\x0e\x1e\x13\x76\x32\xc6\x86\xf9\x84\x39\x89\x04"
	"\x27\x32\xae\x45\x0b\xc2\x63\x08\x2c\x68\xd0\x12\x44\xee\x40\x62"
	"\x49\x39\xe8\x38\x23\xc0\xbe\xe3\xb6\xdc\xf2\xd9\xbb\x3e\x10\x51"
	"\x44\x25\xa0\x1c\x24\xf0\xc2\xb7\xae\xbf\xdc\x21\x80\x23\x05\x81"
	"\xca\x42\xb0\x39\xff\xd4\x40\xe4\xfc\x5a\x4b\x82\x42\x41\x86\xff"
	"\x58\x63\x5e\xb0\x57\x46\xd0\x53\xb7\xc2\xa4\x02\xfc\xa9\xc6\xfa"
	"\x89\x15\x16\xe9\x0c\x48\x26\x62\x53\x6c\x31\xa0\x13\x97\x9d\xda"
	"\x25\x8a\xe3\x60\xb5\xb2\x14\x31\x6d\x51\x28\x75\x02\x04\x3a\xf5"
	"\x18\x5c\xd8\x78\xd5\xb5\x7b\x99\xb6\xb0\xa0\x2a\xca\xca\x8d\x7b"
	"\x61\x6c\x11\xc9\x78\xc4\x97\x14\xa5\xc5\x82\xc2\x29\xda\x38\xbd"
	"\x78\x5a\x9c\x8e\x8a\x89\x00\x08\x28\x88\xfd\xd6\x7d\x4a\xe6\x82"
	"\xf6\xbd\xc7\x0c\x71\x82\x85\xcb\x2b\x8f\xe1\x2f\x41\xe1\x22\x0e"
	"\xc2\xf8\x4b\x8a\xdb\x2a\x1f\xb9\xc3\x71\x72\xe1\x3d\xd6\x1a\xb7"
	"\xf7\x0a\x81\xf7\x43\x52\xdb\x43\x10\xc9\x1c\xcb\x87\x55\x5e\x74"
	"\x74\x78\xab\x46\x8f\xc5\x4c\xa5\xe3\x64\x76\xc6\x87\x85\x93\x79"
	"\x62\xba\x10\x4b\x6a\xfc\x1d\x61\x12\xe3\x7e\xa2\x6b\x71\x10\xd8"
	"\x2e\x97\x32\xe9\x72\x56\x87\x08\xa3\x5b\x91\xb5\x89\x07\x52\xdf"
	"\x56\x56\x34\x15\x24\x31\x82\x63\x40\x68\x29\x60\x75\x51\x7a\x49"
	"\xa5\x17\xc6\x96\x18\xbf\x37\x72\x60\x2b\x39\x3f\xda\xaf\xb5\xdf"
	"\xf4\x86\x91\x10\x2b\x16\x1a\x93\x2d\x65\x0c\xd9\xdc\x51\xd0\x77"
	"\x64\x56\xb2\x86\x0f\xaf\x07\x40\x75\x2d\xfe\x8a\x42\x98\x21\x0f"
	"\xa3\xdb\xda\xb6\x45\xf0\xb8\x5a\x32\x42\x58\x5c\x5c\x8c\x67\xe3"
	"\xb1\xa5\x07\x31\x3d\xc5\x28\x9c\x23\xd9\x1a\x00\x3d\xb8\xcf\x27"
	"\xb4\x29\x3f\xbf\xf6\x38\x6c\x30\x02\x12\xd7\x5f\x77\x36\x43\xbb"
	"\x06\x6f\x54\x2b\x45\x9f\x52\x8e\x0f\xf1\x0f\xb8\xc7\x89\x43\x97"
	"\x87\x8f\x87\x7b\x89\x69\xe1\x6e\x65\x92\x81\x7b\x54\xa4\x1a\x0e"
	"\x87\xb6\x41\xfa\xde\x70\x63\x5c\x9e\xc5\xe3\x89\xfc\x65\x10\xe6"
	"\x9e\xdc\xe1\x8c\x00\x93\x8c\xf1\x64\x56\x5e\x78\x8c\xae\x15\x11"
	"\x4f\x8c\x35\x06\x9a\xc4\x93\x72\xb2\xd9\x7d\x44\xce\xb8\x1e\x47"
	"\x66\x26\x91\x56\xd3\xcb\xeb\x01\x29\x56\x61\x80\x34\xa0\xee\x80"
	"\x63\x4c\xa0\x82\x47\xf0\xb5\xcf\x67\x44\x55\x81\x64\xde\x97\x7f"
	"\xfa\x59\x4c\xca\xe9\x78\x95\x4e\xc7\x9e\x84\xde\x4c\x43\xe3\x74"
	"\x02\x72\x74\x26\x22\x3f\x30\xfe\xfa\xf9\xe9\xf9\x5f\x3f\x22\xc7"
	"\x04\x4e\x3e\xa3\x62\xbd\x1c\xa1\x3c\xd5\xfd\xed\x19\x89\x71\x46"
	"\x65\xdf\x44\x79\xf4\x23\xce\xf5\xda\x06\x88\x72\xf3\x74\xe4\x47"
	"\x1a\x47\x4b\x47\x68\xc3\xcb\x7b\xf8\x31\xbb\xd7\x43\x66\x3c\x4b"
	"\x8f\xe8\x25\x7f\xe3\x29\xd7\xb5\x84\xea\x55\x8d\xcb\x62\x11\xa4"
	"\x23\x1a\x2d\x6f\x9d\xd5\x8d\x8f\x76\xbc\x8c\xd5\x87\x49\x6f\x95"
	"\x63\x68\xa3\x77\xee\x66\x12\x35\x32\xab\x5e\x9f\x7e\xff\x5d\x19"
	"\x48\xc8\x4a\xb5\xa1\x46\x77\x3d\x6d\xec\x37\x7a\x61\xcb\x98\xd3"
	"\x06\x8a\xe7\x41\xef\x6b\xa3\x85\x98\x55\xd6\x8a\x6a\xcb\xb4\xa1"
	"\xb6\x89\x71\x7c\x5b\xc6\x9e\x47\x53\x8b\x9e\x89\x7d\x27\x65\xe9"
	"\xa6\x8a\x98\x15\xe7\x91\x90\x09\x3c\x39\x24\x9e\x78\xb0\x56\xcd"
	"\xc3\x8b\x60\xd3\x94\xc6\x6a\xc7\x1e\x2a\xdc\x17\x4f\x5f\xdf\x29"
	"\xeb\x0b\x92\x9e\xa8\x0e\x21\xe6\xd4\x60\xdd\x9e\xde\x7f\x7b\xa2"
	"\xeb\x06\xe5\x4b\x41\xf6\x88\xd1\x8f\xa8\x79\xf4\xfe\xf0\xfa\xfb"
	"\xe9\xbd\x3f\x52\x9b\xaa\xe8\xd9\xa1\xa4\xa0\xcc\xe7\x5b\x39\x90"
	"\x81\xcd\x6a\x23\xcc\x35\x13\xf7\x21\xc7\x42\x83\x22\x0f\x9a\x26"
	"\x67\xb5\xea\xc8\x9a\x2c\x29\x17\x81\xdb\x06\x3b\xd9\xae\x92\x2d"
	"\xc2\x78\x6f\xad\x81\xa1\x47\x66\x8c\xa5\xb2\x6f\x9d\x45\x5f\xdb"
	"\x89\xc1\x38\x4a\x1f\x80\x14\x70\xa5\x1d\xba\x8e\x81\xfe\xf3\x38"
	"\x83\xab\x0d\x42\x13\xc6\x85\xf5\x16\x22\xeb\xbf\x29\x90\xf3\x15"
	"\xa7\xf6\xf9\x4c\xce\x38\x2e\xda\x82\xe8\x16\xe6\x76\x18\xe8\x21"
	"\x92\x50\x6b\x84\xcd\xb6\xb3\x01\xba\x6b\xa4\xf4\x11\x0a\x7b\x6f"
	"\xdd\x72\x98\xe8\x91\xfc\x30\x9c\x62\x67\x30\x9e\xa6\xab\x18\x8e"
	"\x3b\xc4\xb9\x1f\xab\x1b\x58\x44\xf3\x51\x54\xb8\x12\x25\xc2\xae"
	"\x8d\x3e\x34\x87\x2b\x81\xb3\x09\x71\xbc\xbc\x17\xab\x06\xe1\xe9"
	"\x8f\x64\x2f\x82\x20\x58\x1f\x7e\x78\x7d\x7f\xbc\xf8\xa1\x39\xf3"
	"\x11\x02\x4a\x54\xb0\xd8\x69\x3b\x51\x7c\xec\x94\x32\x93\x99\x50"
	"\x7a\x3d\x29\x38\xd9\x1e\x70\x5a\x04\x45\x9e\x5c\x40\x86\xb5\x89"
	"\x4e\x40\x24\xc2\x8f\x13\x11\x58\xcf\xe0\x4a\xa1\x47\x8a\x20\xc0"
	"\xdf\x29\xfa\xa1\xcd\x16\x7f\x56\x9a\x54\x8b\x97\xe6\x7b\xbd\x4f"
	"\x60\x55\xd8\x09\xfa\x68\x61\x52\x96\xb7\xee\x5b\x1e\x73\x49\x06"
	"\x8d\xc4\x69\xfb\xcc\xd4\x2b\x17\x2c\x97\x97\x1f\x63\x8f\x79\x29"
	"\x8b\x84\x52\xc8\x2d\x8f\x8b\x0b\x6b\xfc\xf6\xe8\x44\x08\x92\xe6"
	"\xd9\xce\x1b\x2a\x84\xe2\xf1\x26\x13\x28\x73\x8f\x46\xbf\x41\xd9"
	"\xdc\xc3\x99\xd1\xf3\xc2\xdb\xe0\xc0\xfc\x6b\x8e\xf7\x1b\xe7\xa0"
	"\x6c\x70\x8a\xf2\x32\x9c\x9e\xa9\x2b\x29\xd3\xf1\xe4\xc2\x7d\xde"
	"\x6e\xe8\x28\x1c\x8f\xdf\x5a\x07\xc9\xfd\x74\xde\x20\x1d\x51\x97"
	"\x3b\x54\x48\x83\x91\x87\x2b\xaf\x3b\xa8\x85\x73\x71\x46\x40\x4c"
	"\x08\xa1\x6a\x07\x25\xc4\x48\xdf\x83\xb3\x18\xa6\x93\xcd\xc6\x95"
	"\xe7\x19\xa6\x61\x7a\x79\x3b\x9d\x58\x97\xb0\xde\xf8\x42\xd0\x96"
	"\xe9\xb5\x27\xb2\x6e\x43\x65\x95\x79\x83\x7a\x34\x28\x05\x06\xb2"
	"\xe7\xe6\x2d\x50\x2e\x3d\xb1\x17\x04\xca\xc5\x64\xb8\xab\xe2\x6c"
	"\x7a\xe1\x89\x46\x61\xa8\x1c\xe0\x14\x6a\x89\x8e\x27\x2d\x79\x7f"
	"\x02\x65\x68\xd2\x92\x44\x3d\x87\xeb\x86\x38\xa3\xb8\x97\xe5\x06"
	"\x85\xa7\xac\xa5\xbb\xee\x49\x9d\x51\x86\x1b\x4a\x28\x33\xab\x15"
	"\x4e\x2a\x33\xf7\x51\x5f\xf2\x72\x3d\x3c\x61\x79\x52\x7b\xe2\x30"
	"\x34\x64\x8a\x6b\x5f\x50\x27\x83\x71\x44\xe4\x24\xf7\xed\xac\x45"
	"\x41\x8e\x8e\x61\x5e\x78\xf1\x98\x0d\x2f\x0c\x6a\x11\x1a\x96\x2f"
	"\xa6\x18\xa2\x2b\x0e\x4b\x2f\x0b\xf3\xab\x6b\xab\x0f\xe4\x9e\xd2"
	"\x8f\x91\x45\xe3\x87\x12\x6b\x7e\xc7\xe2\x1f\x95\xd3\x89\xad\x95"
	"\xee\xf5\x9d\xe2\x70\xb8\xf3\x8a\x03\xc6\xfa\x75\x68\x35\x95\x87"
	"\xb2\xb1\x08\x83\x68\x87\xc6\x33\xc6\x10\x42\x3b\x0d\x2e\x46\x40"
	"\xf1\xa5\x44\x69\xfa\x8d\x50\x3c\x0e\xdf\x02\x65\xbe\xb8\xac\x57"
	"\xc8\x23\x9d\xba\x8f\x8b\x02\xf3\xca\x13\x94\xa9\x45\x99\xcc\x6c"
	"\x83\x92\x9e\xf4\xca\xea\x66\x7c\x55\x05\x67\x06\xca\x6c\x81\xdc"
	"\x09\x83\xad\xcf\x80\x32\xb5\xc6\x40\xaf\x2a\x42\xf1\x78\x46\x37"
	"\x0c\x43\x89\x39\x47\x98\xfd\xc1\x9a\x96\xb7\x33\xdf\xbd\xbe\x21"
	"\x53\xe4\x97\xa1\x47\xc1\xd1\xa0\xd0\x80\x18\x9e\x41\x1f\xef\xb7"
	"\xb0\x39\x91\xac\xf0\x88\x79\x79\xfe\x89\xee\x51\xa0\x33\x34\x5e"
	"\xf2\xf4\xc2\xd6\xd7\xf6\xa4\x41\x18\xc3\xb3\x7c\x55\xa1\x92\xce"
	"\x5e\x20\x26\x16\x9d\xa9\xf2\x0c\xa9\x99\x28\x49\x69\x8f\x7c\xb9"
	"\x3d\x94\x92\xf7\x1e\x42\x71\xd5\xb1\xba\xe1\xd6\x91\x07\x49\xc9"
	"\x49\x61\xcf\xb5\x90\x54\x07\xda\x75\x86\x6e\xc6\xb2\x2e\xcd\x64"
	"\x94\x41\xb9\xad\x52\x41\x0b\x06\xdb\xaf\xfd\xb3\x2c\xb3\x00\x84"
	"\x7e\xd2\x1c\x7c\x84\xdf\x0a\x9e\x27\x84\x19\x02\x7d\xd3\x49\x2e"
	"\x58\x57\x89\xe4\x75\xe2\x14\x4e\xd0\xdd\x4a\x8a\x86\x4c\xa4\x91"
	"\xe0\x3b\x2b\xd7\x54\x85\xeb\xc1\x2d\xc8\x90\x4c\x09\x1d\xe3\x4b"
	"\xc3\x78\x57\x07\x47\xa4\x4f\xcc\x3c\x89\xac\x28\x8e\x63\xec\xa3"
	"\x8d\xc3\x72\x9c\xd6\xb0\xde\x0b\x3c\x77\x11\x98\xb4\x1c\x91\xce"
	"\xfe\xe0\x1e\xfd\x79\x3a\x9d\x5e\x50\xd5\x4e\xc6\xd9\xbc\xa9\x44"
	"\x62\x2c\x1f\x82\xb2\x03\x39\x07\x56\x43\xde\x8b\xc5\xb5\x2c\x03"
	"\xca\xf2\x3d\xc0\x06\x06\x06\x44\x9f\xad\x33\xf7\x35\x9c\x89\x30"
	"\x8e\x6c\x89\x1e\x32\x0c\x84\x5e\x81\x6a\x90\x5d\x27\xbf\xf7\x87"
	"\x8d\x19\xdb\x48\xab\x88\x82\xee\xfb\xba\x86\x91\xdf\x84\xac\xd8"
	"\x0c\xb9\xf0\xf3\x13\x92\x2f\x5b\x89\x0e\x03\xe4\x53\xc7\x2b\x0a"
	"\x32\x9a\x7b\xda\x8b\xef\xce\x5b\x0d\xbe\xc3\xf4\xaa\xef\xc5\xc4"
	"\xf4\xc8\x16\x4c\xb6\xad\xbc\xa3\xbc\xed\x1e\xa6\x39\x6d\x2a\xc8"
	"\x91\x29\x17\x9e\xfa\x2c\xff\x1f\xd3\x6c\x64\x68\x75\x98\x73\x6a"
	"\x91\xee\xed\x88\xb5\xf8\x89\xa4\x4c\x6e\x3a\x04\xcb\x69\x59\xc1"
	"\xad\x3a\x29\x6e\xa5\x98\x4c\x5d\x84\x13\xe1\x9a\x79\x0e\x27\xf0"
	"\xc4\xb7\xa4\xf2\x50\xfc\x85\x3b\xcf\x85\x8e\x79\x80\x1b\x92\x0e"
	"\xb0\xe0\xe5\x01\x1a\x17\xf7\x75\x8f\x09\xc0\x6d\xd1\xbd\xfa\x11"
	"\x34\x5b\x61\x8f\x91\x84\x5b\x49\x51\xd8\xb4\x9a\x52\xfa\x61\x1a"
	"\xf3\x55\xda\xb4\xfb\xb0\xf2\x44\xf9\xa6\x15\x08\xf6\x78\xbd\x1c"
	"\xf4\x9a\x28\x81\xa9\xce\x78\xbb\x97\x9d\xae\x3f\x77\x06\x63\x5b"
	"\x9b\x2e\x95\xd9\x95\xf2\x60\xe5\x80\xa7\x6f\x2f\xbf\xbd\x8f\x36"
	"\x78\xfc\x7f\xfd\xe9\x30\xfa\xfd\x1b\xd2\x3c\xbb\x9e\xf8\x61\xcd"
	"\x5c\xf0\x02\xdc\x68\x90\x1c\xad\x46\xf0\x2a\x7a\xf5\x95\xcc\xc1"
	"\x50\x03\xd1\xb1\xe8\xb1\x5d\xe2\x1b\xe6\x60\x11\x86\x14\xbb\x4e"
	"\x50\x51\xc1\x85\xe8\x7a\xb2\xf7\x01\xa1\x4f\xf1\x81\x16\x57\x93"
	"\xe9\xd2\xdd\x69\xc5\x02\x09\x7f\x3c\x34\x17\x48\x34\x10\x7b\x60"
	"\x55\x89\xc4\x22\xd6\xc9\x86\x05\x98\x40\xa8\xc8\x96\xad\xbc\x22"
	"\x8c\xab\x1c\x83\x82\x47\x24\x4c\x3f\xbd\xbe\x7c\x39\x41\x71\x62"
	"\xaf\x05\x98\x61\x63\xa4\xfd\x73\x9f\x84\x03\x05\xb5\x03\xb6\x28"
	"\x8a\xcf\x0f\x9f\x5f\x7e\xe7\xb4\xce\x3a\xc9\x34\x34\x9a\x30\x6a"
	"\xe8\xd3\x87\x41\xbf\xfb\x88\x15\x44\xc8\xfc\xe8\x3e\xab\x00\xb4"
	"\xf0\x5c\x38\x00\x42\x4f\x38\xa5\x0d\x10\x9e\x46\x24\x48\xb2\xfa"
	"\x49\xf3\xf9\xeb\xd3\x4f\x9f\x9e\x5e\x11\x57\x97\xd3\xcd\x7b\x98"
	"\xae\xae\x3a\x81\x1d\x99\x52\xf8\xf0\xf5\xe1\x11\x19\xb5\x9f\x91"
	"\xfa\x9a\x12\x5a\x9f\x6b\xf9\xd8\xe3\xd7\x42\x6d\xf0\x3c\x94\x01"
	"\x74\x35\xb3\xe4\xc5\x35\x47\xcc\xf1\xa8\x49\xe8\x5d\xfe\xf5\xfc"
	"\xfe\xc7\xe9\xed\xa9\xd3\x95\xd7\x88\x35\x29\x9b\x6f\x86\x76\x10"
	"\x01\x64\xad\x0d\x4c\x15\xea\xe8\xff\xbc\xbc\xfe\x6b\x14\xa0\x33"
	"\xff\xfa\xbf\xa7\xd7\xbf\x8f\x92\x2f\x5f\x4f\x9f\xb8\x7d\xb0\xa2"
	"\x75\x76\x27\xde\x96\xac\xb1\xa2\x44\x0c\x69\xfe\xfb\x84\x04\xd3"
	"\xa7\xd7\xdf\xff\x1a\xf1\x28\x23\xdf\x9c\x24\x64\xa8\x5e\x32\x70"
	"\x6a\xba\x42\xf0\x1f\xc9\x20\x83\x8b\xd3\xdb\xcb\x67\xd4\xf5\x3d"
	"\x22\x9d\x94\x9e\xbb\x6a\x10\x4d\x70\x95\xf1\x5c\x1e\x55\x72\x2d"
	"\x4f\x67\x00\x78\x5c\x5b\xd3\x9e\xb9\xc2\xbb\xd2\xc3\xbf\xbe\x7d"
	"\x25\x45\x3d\xd8\x3b\x8d\xde\xbe\x9e\x4e\x8f\x7f\xc8\xf6\xe8\x15"
	"\x06\x6b\x60\x27\x27\x1e\x23\x05\xcf\x9f\x5e\x5f\x9e\x3e\xe1\xef"
	"\xa6\xf9\xe5\xa6\xb3\xf6\x42\x33\x5e\xec\x70\xdc\x3c\x20\xa2\x91"
	"\x94\x8a\x2e\x80\xe8\x1c\x72\xf5\xa2\x7c\x8c\xa4\x5d\xc5\x1e\x85"
	"\x67\x14\xeb\x00\x6f\xfa\x99\x70\x10\x7c\xe8\x10\xef\xf6\xf0\x34"
	"\x1d\xc4\x82\x6a\xfc\xe6\x0c\x0a\xb6\xe7\x41\x1a\xc8\xcb\x08\xc7"
	"\x67\xda\xc5\xbd\x1b\x3d\x31\xc4\x26\x3d\x35\xb9\xde\x21\x19\x24"
	"\x82\x04\xc3\xaf\x15\xe7\x45\x3b\xb1\x72\xdb\x64\xa8\xdb\x77\x08"
	"\x1b\x8e\xa0\x41\x74\x2e\x48\x52\x4a\xdc\xdc\x85\xd2\x67\x18\xdb"
	"\x16\x37\x1f\xc6\xb0\x15\x37\xad\x6f\x3a\x64\xb9\xf3\xc5\x5f\xc2"
	"\x49\xb9\xc6\x29\x19\x81\x5d\xdd\x9b\x6c\xb4\xf6\x1c\x58\xd6\x08"
	"\x6a\x83\x90\xda\x4b\x78\xf0\xca\x9e\x32\x55\xef\xb7\x09\xfa\xa6"
	"\xcc\x3d\xc1\x79\xb0\xb5\xc0\x0d\x1a\x5a\xf6\x9b\xfa\x98\x6e\x91"
	"\xd7\x27\xbd\xb9\xfb\xe8\x89\x94\x81\xf1\x58\xad\xdc\xb5\xdc\x25"
	"\x69\x88\x16\x5f\xc0\x70\xc3\xde\x40\x0d\x1f\x2d\x86\xcf\x06\xc6"
	"\xe7\x7f\x76\x53\x42\x81\x63\x2d\x9e\x86\x28\x22\x3a\xdc\xfb\xcc"
	"\xc6\xf2\x64\x66\xaf\x07\xa6\x14\x0c\x4f\x6a\x18\x90\x48\x71\xf1"
	"\xc4\x58\x3f\xbc\xfd\xeb\x04\x2f\x2a\x93\x3f\xd4\x94\x68\xfa\x6f"
	"\x1d\xc0\xe3\xa3\xc2\x88\x09\xb2\xf8\x6e\xe7\x49\x50\x88\x93\x3f"
	"\xdd\x5a\xd0\x2f\xc9\xca\x1d\x46\x01\x11\x14\x56\x00\x5b\x7b\x2f"
	"\x73\x70\xfb\xed\xe1\xf3\x23\x62\xdb\x8f\x02\x2c\xa2\xaf\x2f\x6f"
	"\xa3\x10\x3e\x3f\x77\x14\x98\xe8\xcb\xcb\xa7\x6f\x9f\x4f\xed\x9c"
	"\xbd\x0d\x03\xf4\x15\x22\x3d\x00\xd8\x8e\x43\xf9\x95\x92\x2a\xf1"
	"\xc9\xf7\x87\x4f\xa7\xdf\x1e\xbe\x7d\x7e\xff\xa1\x1d\x8f\x6b\xa4"
	"\x68\x5a\x25\x9e\x98\x30\xe1\xa6\xc0\x79\xc3\x38\x35\x0f\x70\xf9"
	"\x8e\x75\xe7\xf9\x05\xbb\xed\x13\x9e\x14\x9f\x9e\x1f\xff\x31\xc2"
	"\x69\x8e\xd6\xa3\xc7\xa7\xdf\x9e\x1e\xb5\x20\xc5\xa5\x5d\xcf\x16"
	"\x3a\xf2\xc5\x47\x9c\xe1\xe0\x89\x02\xff\x1a\xc1\x7e\x0e\x2f\x82"
	"\x02\x37\x58\xf1\x06\x8d\x3b\x96\x5c\x6b\xe8\xca\xd5\xe4\x99\xc2"
	"\xc5\x08\x53\x5c\x76\xa3\xae\x40\x22\x6d\x61\x1c\x09\xc4\xb6\x12"
	"\xcb\xee\x14\x3f\x50\xe1\x1a\xc1\x07\xe0\xa7\x43\x89\xd5\x69\x59"
	"\xa0\x57\xee\x66\x62\xe7\xc1\x54\x56\x9f\xe4\xc8\xaa\xdc\x75\x10"
	"\x6e\x71\xe1\x07\x9d\xd4\x98\x71\x88\xd3\x8a\x18\x16\x32\xc3\x45"
	"\x91\xe1\xfc\x0c\xa3\x3f\x9b\x1c\x99\x67\xe3\x9b\xa3\x09\x6c\x8c"
	"\x4d\xb0\x4e\xed\xd3\x3a\xdb\x24\xd4\xb5\x47\xb7\xae\x8a\x6a\xd0"
	"\x28\xd0\x11\x60\x29\xda\xc2\xb9\xba\x70\x54\x00\xc4\x7a\xdf\x33"
	"\x75\x87\xa4\x1c\xb8\xea\x32\x88\x2b\x0a\x2e\x12\x3d\x7e\x20\x3e"
	"\x38\x35\x58\xab\xbe\x16\x08\xd6\x12\xa8\x23\x60\xe5\x08\xa7\x0a"
	"\x61\x9a\xbf\x09\x0e\x31\x2f\x38\x48\x0f\x82\x65\x49\xe8\x17\xda"
	"\xc5\x08\xb5\xf0\x84\x08\x55\xa2\x87\xf0\xf3\xcb\xe3\xbf\x90\x0b"
	"\x02\x59\x7e\xe9\x58\xa0\x40\x3b\xbc\xe2\xae\x61\x0d\x6e\x16\x30"
	"\xea\x3f\x84\x8e\xb2\xd7\x6f\x33\x87\x69\x89\xdb\x94\x91\xfb\x49"
	"\x41\x50\x81\x8e\xf6\x7a\xe6\x31\x93\x11\x68\x65\x72\xe9\x0b\x29"
	"\x68\x63\x79\xec\xaa\x6c\x24\x8f\xf1\x92\x8d\xe4\x09\x4b\x29\x90"
	"\xc2\x28\x8c\xaf\x3c\x87\xda\x0e\xda\xb5\xe7\xb1\x42\xa2\x95\x94"
	"\xdd\xa4\xf6\x24\xfb\x20\x79\xde\x22\x25\xb3\x75\x6b\x6d\x7a\xbe"
	"\xed\x14\x7e\x30\x96\x83\x46\x54\xe0\x4b\xea\x28\x50\x0e\xa1\x5b"
	"\xc5\x99\xc1\x27\x04\x4b\x94\xf5\xfc\xad\x2b\x57\xa3\x35\x2a\xc5"
	"\x9b\xaa\x20\x48\x50\xc9\x0e\x63\x07\x97\xd3\x01\x5a\xd4\xd2\x22"
	"\xcf\x36\xb2\x58\x90\xdf\xd6\xeb\x30\xac\x17\x17\x0b\xeb\xdc\x68"
	"\x86\x1b\x21\x60\x93\x19\xc0\x48\x34\x09\xe4\x79\xbb\x96\x93\xce"
	"\x90\x68\x10\x16\x17\x9e\xdc\x41\x84\x90\x72\x15\x03\x08\x8a\x4b"
	"\xcf\x23\x2b\x2d\xc5\x8c\x30\xf7\x44\x06\x35\x08\x08\x6d\xee\x64"
	"\xb2\x45\x18\xa0\xc0\x4c\xfa\x82\x8f\x62\x11\x67\x1e\x90\x06\xdd"
	"\xd7\xd7\xc8\x92\x8e\x66\xfa\x11\xd0\x0a\x25\x6b\x6f\x1d\x4d\x3b"
	"\x7d\xb1\x4b\xa9\x19\x9a\xc4\x39\x51\x5d\x5f\xbb\x7b\xbc\x95\x84"
	"\x27\x4f\x94\xa8\x63\x00\x83\xbb\xe3\xfa\xda\xba\x45\x9b\x21\x01"
	"\x13\x60\xd5\x5f\x33\xb7\xa8\x08\x8e\xed\x33\x46\x54\xb0\x7a\x31"
	"\x80\x43\x5b\x6f\x1f\x45\x4f\x20\x4e\x8e\x9a\x23\x10\x01\xad\xd2"
	"\x11\xbb\x98\x6a\x08\xb5\x80\x66\x43\x00\x0f\x54\xe5\x1e\x6a\x38"
	"\x6b\x5a\x7f\xe3\xcb\x0b\x47\x08\x0d\x6b\x83\x48\x9a\xb7\x41\x1c"
	"\x58\x13\x81\xfd\x41\x94\x75\xbe\x3f\x87\xc2\x3b\xf9\x39\xa4\xad"
	"\x93\x4e\x23\x2a\xd5\x1d\xb0\x34\x12\x16\xc6\xa2\xa1\x3d\x80\x62"
	"\xbc\xf7\x59\xb7\xb9\xf7\x5d\x35\xa2\xf7\x59\xf1\xd4\xfb\xdc\xb4"
	"\x47\x03\x4c\xdf\x80\x21\x1a\x55\x4b\xe8\xf3\x3d\x11\x46\x09\x83"
	"\xdb\x39\x8c\xa3\xd9\x3c\x83\x44\xe7\x23\x67\x75\x8d\xd0\x30\x48"
	"\xb5\x1c\x10\xb4\x53\xc6\xbb\xa2\xe1\x6b\x1a\xe1\x82\xa9\x61\x9b"
	"\x3a\x40\x54\xa3\xf3\x3b\x37\xcb\x05\xd1\x42\x74\xd0\x6a\x86\xa9"
	"\x29\x65\x24\x79\xab\x24\x89\xe8\xb8\x76\xd2\x6b\x89\xa0\x85\x34"
	"\x88\xa3\x84\xed\x47\x69\xe6\xb9\x6f\x59\x66\x38\xb7\x6c\x08\x83"
	"\x17\x34\x1f\x02\xa2\x74\x22\xab\x2c\x5e\xd6\x90\x40\x36\xab\x3b"
	"\x58\xba\xa7\x36\x77\x78\x39\xde\xda\xce\x32\xed\x37\xf6\xf1\x36"
	"\x27\x35\x3e\xa2\x95\x2f\xdf\x5e\xa1\x82\x6a\x8d\x8b\x34\x21\x36"
	"\xe5\x54\xaf\x43\xd6\x17\x1c\x64\x97\xe2\x00\x08\xbb\x31\xd8\x8e"
	"\x21\xde\x59\x63\xfa\xa9\x91\xed\xef\x75\x7c\xa8\x28\xac\xb0\x3c"
	"\xd5\x77\x30\xe8\xa6\x4e\x17\xb4\xa0\xb0\x73\x00\xf3\x83\x51\x81"
	"\x20\x09\xf0\xd5\x0e\x2e\x60\x0d\xbd\xb8\x44\x03\x9a\xd6\x22\x7e"
	"\x01\xdc\x9a\x70\x03\x80\xa3\x0f\xa3\x8c\x91\x00\x99\xff\xaf\x45"
	"\x62\xd3\x36\x83\x00\x02\xd7\x93\xb1\x75\x30\xb0\x9a\x50\x1f\xc2"
	"\x4a\xfb\xd0\x38\x77\x4f\x62\x5b\xc9\xa6\xcc\x11\x0d\x5c\xe2\x68"
	"\xa6\xb2\x20\x49\x97\x3b\xeb\xc5\x91\x0a\x65\x1b\xb7\x0a\xb6\x09"
	"\xfe\x35\x80\x80\x98\xfe\x75\x06\x92\xb2\x32\x33\x7e\x9b\x27\x3b"
	"\x1f\x5c\xb3\xd3\xb3\x2d\x33\x04\xd4\x79\x2a\x0f\x4b\xf2\x70\x92"
	"\x55\x34\xed\xc1\x60\xb3\x22\x0b\x24\x38\x2b\xee\xed\xcb\x92\xfa"
	"\xd4\x46\xc8\xe3\xf3\xfe\x9a\x74\x78\xb8\x55\x32\x70\x94\x3f\xc0"
	"\x30\x95\x6c\x59\xfb\xd1\x64\x54\x69\x3c\x01\xe4\xeb\x2a\x58\xf2"
	"\xd3\x8f\xae\xbb\x0b\xa9\xd3\x3c\xb0\x2f\x34\xcc\x4b\x5b\x94\x11"
	"\x70\xe9\x49\x57\xdd\x57\x27\xd3\xde\x1e\x4d\xf4\xce\xe1\xca\xba"
	"\x34\xfb\x6a\x5f\x21\xcc\xa3\x1c\x3a\x3d\x52\x84\xf0\xdf\xac\x9d"
	"\x8b\x60\x56\xe1\x8a\x55\xa5\x96\xea\xdf\xe2\x82\x17\x59\xdb\x6c"
	"\x55\xd5\xde\x18\x0f\xe7\x70\x18\x47\x30\x4a\x44\x75\xb6\xfc\x05"
	"\x2d\x22\xc9\xee\x40\xd7\x53\xfd\x0d\xfe\x5c\x4c\xa2\xfd\xa2\x29"
	"\xf2\xc3\xa2\x46\x22\x33\x73\xf5\xb9\xed\x5d\x0d\xa2\x51\x5d\x62"
	"\x28\x48\x89\x34\xdf\xea\xc3\x54\x0e\x25\x23\x7c\x03\xff\x8e\x2e"
	"\x82\x38\xf8\x35\x90\x9b\x3e\x4c\x8d\x3a\x9b\x83\x3e\xb8\xef\xb5"
	"\x3c\xc4\xd3\xe0\xe3\x3d\xae\xd7\x39\xd6\x47\xe1\x04\xdf\x08\x11"
	"\x3b\x60\x57\x0e\x44\xd4\x52\x65\x30\x19\x2e\x20\xb9\xe1\xb1\x5e"
	"\x9c\xbe\xbc\xbc\x9f\xbe\xbe\xbe\x40\x89\x62\xde\x4b\x4c\xab\x8b"
	"\x98\xc2\x77\xa2\x93\xad\xf9\xa5\x0a\x7e\xfd\xf2\x86\xc8\x53\xa6"
	"\x8c\x96\x2d\x6e\x2f\xa5\x60\x88\x7f\xd2\x0b\xbe\x88\x26\xa0\xbe"
	"\x31\x4f\x6b\x8e\x7c\xb2\xc5\x55\xfa\x60\xcd\x8e\x1e\x0a\x3e\x48"
	"\xd6\x65\x65\x2a\xfe\x87\xa2\x54\x2a\xed\xb2\x17\x9c\xb3\x7b\x7f"
	"\xdb\x3c\x62\xd6\x2a\xef\xd1\x18\x0a\x7e\xca\xcc\x32\xe5\xee\xd0"
	"\x52\x6f\x7f\x92\x55\x83\x40\xa7\x52\xd0\xc1\xc8\xb3\x08\xb0\x30"
	"\x49\xf9\xfd\x63\xf9\xd7\xdb\xfb\xe9\xcb\x68\xf7\x3c\x0a\xff\x78"
	"\xfa\xfa\xb7\x56\xbb\x15\x19\x21\x33\x72\xf0\x85\xf4\x60\x8f\x23"
	"\xca\x49\xd9\xca\x9f\x41\xcb\xd7\x97\x87\x4f\x50\xeb\x75\x60\x86"
	"\x07\x4a\x1b\xb0\x2c\xe0\xbc\x58\x59\x13\x96\xcb\x6e\x8f\xf9\xcf"
	"\x6d\x42\xcb\xdb\x97\x57\xdc\xb7\x1d\x55\x3c\xfd\x23\x3b\xba\xbe"
	"\x1b\x85\xa2\x5d\x46\x77\x05\xf7\x36\xdd\x8d\x29\xa5\x62\x24\x0c"
	"\xaf\x15\x20\xc7\x9b\x2e\x05\xac\x10\xba\x1b\x06\x14\xfb\x2d\x62"
	"\xc1\xc4\x7b\x38\x14\x57\x81\x3d\xa6\x49\x9c\xb7\x4b\x68\xf8\x41"
	"\x31\xb5\xf5\x4e\xa6\xb9\x6a\x8c\x21\x92\x99\xec\x10\xc9\x11\x36"
	"\x0e\x71\x77\x67\xf4\x14\xf7\x3f\xb9\x30\xf0\x47\x3a\xfe\xd7\x04"
	"\xf1\x11\xa2\x73\x30\x23\xb4\x73\x51\x51\xe3\x33\x5f\x03\xb1\x19"
	"\xc3\xc9\x0a\x17\xa7\x61\xb2\x74\x19\x45\x4c\xd4\x15\xc5\x6a\xfd"
	"\xd2\xac\x7f\x4c\x39\x8b\x2a\xe8\xbb\xf0\x9e\x44\x33\xab\x25\x4c"
	"\x7a\xcd\xdc\x7e\x6b\x95\x0d\x46\x56\x56\xbc\x67\xa4\x14\x66\xb5"
	"\xc3\x29\x41\x58\x75\xe8\xf8\x1e\xad\x2c\x91\x28\x0d\x63\x58\x79"
	"\x55\x22\x44\x8b\xc3\x93\x43\x67\x96\xa6\x88\xb4\x66\x4d\x6e\x66"
	"\xbf\xc8\x2a\x28\xa6\x31\x5d\x7d\x12\xc5\x54\x21\x35\x88\x64\x5e"
	"\xcf\xee\xb6\xb1\x18\x50\x34\x9d\x68\x5a\x49\x32\x06\x81\xc6\x88"
	"\x2f\x87\x35\xc1\x52\xca\x25\x65\x15\x95\xd5\xc1\x4f\x27\xbd\xaf"
	"\xe1\x77\x12\xc9\xb8\x6f\x4a\xf8\x58\x17\x8b\x7b\x1e\xb1\xca\x55"
	"\x49\x96\x23\x36\x79\xbc\x8a\xe3\x26\x97\x2a\xb3\x7c\x42\x23\xdc"
	"\xf0\xa7\xbf\x42\x93\xed\xb2\x58\x62\xe8\x5d\xb8\xc5\xd4\x08\xab"
	"\xc2\x12\xb6\xa1\x40\xad\xc8\xf1\x0a\x90\x01\x09\x31\x10\xf2\xf9"
	"\xc1\xba\xad\x6b\xb6\x10\x94\x63\x9f\x23\x02\x06\x02\x44\xed\xe0"
	"\x38\xcc\xe7\x40\xbc\x8e\x89\x21\x40\x30\x3c\xde\xd0\x03\x8d\x85"
	"\xf2\x81\xf4\x72\x26\x14\x11\x63\x21\xc6\xc7\x7d\x39\x84\x65\x9c"
	"\x3a\x7a\x15\x76\xfb\x33\x0e\x11\xa5\x4b\x47\x32\x92\x72\xa1\x56"
	"\xa9\xad\x87\xe2\x3a\x48\xe1\xe8\x06\x71\xc7\x2a\xfb\x07\x4c\x02"
	"\x84\x25\xdf\x89\xfd\x45\x02\xb9\x31\x48\x65\xd6\xd6\xcc\x50\x6e"
	"\x03\xbd\x22\xc2\xc3\xbe\x82\x3b\x96\x0d\x86\x40\xed\x0f\x5a\x32"
	"\x34\xac\x69\x0d\xb3\x81\x24\x7e\x6a\x69\x9b\x36\x44\x30\x49\x8f"
	"\x65\x66\xed\x92\x83\x24\xc2\xc4\x66\x27\x37\xf9\x31\xde\x8b\xe7"
	"\x08\x35\xd0\xe0\x3d\xa4\xd7\x45\xd3\xe7\x0c\x40\x44\x64\x0a\x21"
	"\xc0\x40\xaa\xc0\xe9\x45\x6c\x10\xa0\x69\x86\x89\x1d\x7c\xa9\x62"
	"\x04\x8c\x92\xcf\x85\x4c\x2b\xc8\x2d\xb5\xbd\xa9\x88\x44\x45\x11"
	"\x20\x69\x8d\x5d\xe3\xb6\x8c\xa4\x00\xee\x37\x39\x42\x5c\xa7\x30"
	"\x94\xa0\x8e\xf8\x6f\x62\xc7\x85\x4b\xa1\xcf\x7c\xad\xca\x60\x06"
	"\x7b\x50\xca\xc6\xd5\x8a\x9c\x21\x77\x01\xa2\x4b\x44\xbb\x75\xc7"
	"\x4f\x90\x61\x10\x4a\x95\x20\x38\x24\x42\x1e\x90\xa1\x96\x98\x59"
	"\x52\xd4\xea\xdd\xf6\x8e\x68\x2c\x11\x00\x89\x3c\x96\x78\xdc\xa2"
	"\x22\xd3\x7e\x55\x15\xa1\x20\x62\x23\xe4\x47\x47\x7c\x1f\x3d\x3a"
	"\xc4\x95\x61\x80\xf3\x8c\x38\xfd\x30\x01\x82\xe8\x9a\xf5\x9a\x66"
	"\x2a\xe0\xb1\x98\x63\x48\xb9\xa8\x22\xb8\x3b\x5d\x6c\x6a\x58\x6b"
	"\x49\xa6\x54\x19\x4c\xf7\x3d\xde\x1f\xac\xb9\x61\xc8\xde\x8a\xa2"
	"\xd8\xee\x13\xc4\xd2\x74\x55\x40\xab\x27\x1f\x9b\x3a\xc2\x55\x47"
	"\xa9\xfc\x46\xcc\x0a\x6e\x08\x2f\x5f\x75\x99\xc6\x71\x4e\xbb\x71"
	"\x7f\x4d\xa7\xc9\xea\xaf\x8f\x47\x13\x96\xa8\x76\xd7\x6a\xfa\x83"
	"\x92\xe3\xa9\x47\xfd\x5c\xcc\x2d\x5d\x67\x98\x6c\x0f\xbb\x1b\xb1"
	"\x94\x12\x1d\x0e\x9e\xd4\xbd\xba\x13\x40\x12\xa0\xdf\xf4\xc6\xde"
	"\x9d\x7f\xf6\x77\xbc\x9d\x16\xb8\xfb\x2c\xf7\x21\xde\x5b\x3f\x50"
	"\x18\x56\xb3\xdc\x75\x10\x15\x0a\x4c\xc8\x12\x64\xa8\x98\x34\x3b"
	"\x93\x1b\x29\xa4\x1c\x0f\x78\x99\x97\x58\x88\x5e\x87\xec\x0f\xb0"
	"\xac\xa5\xa3\x8c\x5d\x2d\x3d\x68\xab\x7f\xc4\xe8\x83\x58\xb0\x41"
	"\x15\x31\x9c\x69\x5d\xdd\x07\x30\x1f\x27\x99\x1a\x06\xbb\xe8\x45"
	"\x80\x10\x6f\x57\x57\xa4\x40\x66\x70\x10\xbf\xbf\xc0\x2e\xec\x60"
	"\xa9\x7d\x4d\x57\x60\xd0\xc1\x46\x43\xf7\x62\x4b\x92\xb7\x34\xb2"
	"\x9d\xa3\xbc\xee\x64\xe4\xc7\xae\x6f\x66\x7b\x26\xa2\x74\x4c\xd9"
	"\x21\x3c\x2e\x42\x5e\xb4\xe5\x70\xff\x56\x6a\x36\x6c\xf6\x61\x4a"
	"\xfe\x9b\x02\x46\x03\x30\xa4\x11\x51\x74\xbb\xfd\x76\x03\x3e\xd4"
	"\x84\xa3\x33\x02\xbd\x42\xd2\xe2\x83\x27\xd3\x6e\x71\xa4\x02\xcd"
	"\xe3\xe0\x46\x7c\x46\xe3\x55\x20\x06\x5e\xab\xad\x12\x2d\xa8\xfa"
	"\x88\x12\x46\x26\x74\x57\x44\x50\x04\x84\x58\x74\x3d\x63\x1a\xb4"
	"\x84\xf6\x62\xcb\xb8\x48\x8b\x8d\x01\x92\x20\x7f\xf0\x3f\xdf\xf2"
	"\x9e\x0e\x41\xb6\x5c\xf3\x55\x51\xc7\xba\xe1\x7e\xdb\x5b\x17\x38"
	"\x3a\xb7\xdb\x49\x4b\xf8\xc8\x7e\x7c\x82\x5b\xf8\x9f\x9d\xd3\xb8"
	"\x61\x57\xdb\x05\x1f\x42\x4b\x7f\xa3\x59\xc6\x45\x04\x2f\xa6\x30"
	"\x48\xa1\xc5\x85\x89\xe9\x9f\xa3\xf5\x0b\xec\x90\x9e\x5f\xd8\x44"
	"\x4e\x23\x6b\x50\xbd\xde\x21\x42\xb6\xca\x05\xb6\x83\x53\x29\x1d"
	"\xe6\x65\x13\x98\x1c\x23\x39\xc7\x82\xa4\xc2\xa7\xc3\x12\xcf\xb3"
	"\xee\xf2\xe4\x3f\x0e\x43\x12\x39\x92\xac\xd2\x50\x19\xa8\x1b\x63"
	"\x33\x6e\x69\x28\x2d\x13\x84\xf3\x58\xde\xd1\x51\xd9\x0c\x4c\xba"
	"\xb6\x63\x00\xa5\x41\x45\x31\xf8\xdb\xef\x92\x9a\x5a\xa5\xef\x30"
	"\x02\x14\x8a\x11\x60\x0f\x29\x0c\x60\xb8\xa3\xf0\x1c\x33\x52\xa2"
	"\xab\x3a\xdd\xf5\xd1\x90\x4f\xa7\x80\x59\x62\x6f\x2f\x79\x0e\xa1"
	"\x33\x8b\x41\x84\xfc\x66\xbb\x9a\x87\xae\x0f\x07\xda\xde\xe5\x9d"
	"\xdd\x54\x12\x01\x97\x6f\xf8\x5b\xdd\xf5\xf9\xd2\xbd\x0a\x94\x16"
	"\x66\x15\x02\x64\x49\xe5\x8c\x70\x7a\x64\x6f\x77\x25\xc4\x2c\xe5"
	"\x62\x70\x9b\x9a\x79\xfc\x60\xbd\x4a\xc2\x4e\x28\x15\x83\xd9\x0e"
	"\x4b\xb5\xc6\x4b\x72\xba\xcd\xb0\xe7\xc0\x5f\x8d\xf8\xe2\x3f\xdf"
	"\x61\x9d\xa6\x9d\x0a\x5c\xd9\x11\x14\x3a\xa2\x03\x87\xf5\x2f\xee"
	"\x53\x92\xc6\x20\x97\x77\xd9\x40\xfd\x19\x47\xa7\x29\x22\x3d\x48"
	"\x46\x0c\xb7\x1a\x85\x05\xc5\x4f\x59\x59\x52\x5a\x57\xc4\x2e\x66"
	"\x51\x2d\xae\xaf\xa6\x96\x15\x46\x17\xa5\xcc\x2e\x2f\x3d\xa1\x2d"
	"\x74\x75\x14\xfc\xca\xeb\x9f\x8f\x81\x87\x9b\x89\xe4\x56\x8b\x0d"
	"\x96\xb1\xb2\x75\xf8\xa9\x0f\xde\x12\xd7\x30\x43\x60\x55\xd0\xb6"
	"\x1d\xb2\x10\xb4\x6f\xbe\x97\x00\xac\xdf\xd1\xf3\xf0\x91\x1e\xc2"
	"\x70\x10\xe1\x79\x71\xde\x5c\xd7\xed\x61\xa3\xcd\x75\x3d\xc1\xe6"
	"\x83\xe8\x98\x4e\x71\xe9\x26\xf7\x34\x71\x32\x34\xcd\x6a\xe0\xbe"
	"\x24\x98\xcb\x2c\x18\xdb\xe6\xb5\xa6\x28\x40\x13\x8f\xdb\xd1\x32"
	"\x0b\x61\x06\xcb\xda\x79\xf7\x35\x2e\x0a\x3a\x46\xbb\x86\x6a\x14"
	"\x4c\xc7\xee\x86\xc2\x20\xa9\x88\x3c\x16\x18\x0a\xe6\x7e\xeb\x67"
	"\x98\xc7\xca\x8d\xbb\x1d\x39\xb8\xea\x18\x91\xbc\x10\x8f\x0b\xa7"
	"\x68\x7f\x28\x42\x42\xc6\xc9\x49\xe1\x4d\xc9\x0e\xcd\x29\xd2\x9b"
	"\x63\x19\xb9\x39\xb9\x39\x86\xbf\xdc\xe0\xd1\xc3\xad\x71\xcd\x42"
	"\xb8\x07\xba\x8d\xf1\xa0\x46\xba\x9a\x5d\xfa\x7b\xb1\x81\xfb\x7a"
	"\x91\xe0\x9d\x67\x28\x23\x70\xc0\xa0\x95\xb1\x76\x79\x09\xbb\xbe"
	"\xf4\x64\xf7\x44\x39\xc0\x3c\x4d\x39\x86\xb3\x0b\x8f\x77\x75\x76"
	"\x0c\x71\xe8\x74\xaf\x2f\xb8\x50\x20\x9a\x96\x5b\x06\x70\xee\x5b"
	"\x4c\xc7\x6e\x3e\x09\xb6\x0c\x6c\x5b\x5f\x35\xa9\xbe\xdf\x62\x7d"
	"\x32\x77\x5b\x61\x90\x81\xb9\x27\x46\x1a\x83\xac\x63\xa5\x91\x1c"
	"\x40\xb3\x2b\x2f\x41\x74\x86\x73\xe8\x90\x21\xb8\xbf\xae\x2b\x8f"
	"\x13\x32\x4a\x2d\x16\x6e\x9f\x51\x80\xae\x3d\x0e\xaf\x04\xf2\xc4"
	"\xea\x09\xd9\xe0\x74\x4c\x7b\x88\x93\xcd\x78\x7b\x40\x86\xc6\x1c"
	"\x66\xc0\x7c\x45\xf6\xc4\x3c\xdf\x24\x8b\x99\xc7\x8b\x72\x73\xf4"
	"\x65\x3f\x4e\xb6\x01\xa2\x03\x79\x6b\x4e\xab\x70\x32\xbb\x72\xaf"
	"\x0f\x0c\xf3\x58\x97\x31\xec\xda\x2d\x23\x6c\x78\x63\x9f\xf3\x38"
	"\xc1\xe0\x9d\xec\x1e\x91\x0a\xe8\xee\x7f\x82\xf9\x3c\xfe\x01\x83"
	"\xbd\x8d\xbb\x11\x70\x3f\xc6\x23\xa2\xfb\x01\x91\x60\x33\x4f\xe8"
	"\x03\xe4\xc6\x85\x5f\x85\x35\x3b\xf4\x3e\xc8\x9b\xf5\x81\x8e\x03"
	"\x38\x33\x5a\x67\xc2\x76\x1b\x07\x94\x1e\x6b\xcd\xe8\x65\x48\xe5"
	"\xeb\x7e\x86\xe2\x19\xd7\x33\x3a\x5a\xb2\xc9\x79\x14\x62\xcc\x39"
	"\xc6\x4a\x58\x79\x82\x67\x44\xde\xdc\xe3\x94\xe5\x19\x62\xb8\xc6"
	"\x00\xe9\x62\x31\x76\xd3\x68\xc0\x1e\x07\x89\x06\x8c\xd8\x5d\x9e"
	"\x08\x65\x0a\x03\x2e\x06\x53\x77\x2f\x6b\xf8\xc5\xa2\xc4\x08\x72"
	"\x36\xa3\xa1\xb0\x28\x2f\x3c\x6b\xac\xc6\x98\x8f\xcb\xb9\x27\xd9"
	"\x03\x63\xa0\x06\x8f\x0d\x97\x02\xc3\x69\xdd\x3d\x4a\x15\x78\x31"
	"\x5f\x78\x9b\x80\xd8\x5f\xb3\x4b\x4f\x06\xf0\xc3\x0a\xef\xf4\xdd"
	"\xe9\x28\x97\xd6\xd5\xeb\xcb\xf3\xfb\x28\x46\x7e\x21\xfe\xda\x1e"
	"\xbe\x48\xd5\x08\xfd\x90\x75\x16\x52\x05\xbf\x7c\xfd\x0c\x23\xe6"
	"\x9e\x4f\xd2\x62\x6a\xaf\x8a\x8a\xde\x1f\xa7\x2f\x1c\xc1\x5f\x39"
	"\xf2\x5a\x95\x04\x15\x92\x6f\x22\x08\x3e\xae\xe7\x5b\xc4\xd1\x74"
	"\xca\x7f\x99\xc5\x73\xcf\xf9\x25\x0c\x4b\xa4\x88\x72\x96\x4a\x02"
	"\x0c\xe2\xc2\x62\xdd\xcc\x8d\xc3\xc7\x85\xbd\x6c\x32\x9f\x9b\xa7"
	"\x4f\x8d\xaf\x31\x8e\x09\x08\x47\xff\xe5\xcb\xcb\x33\x20\x0c\x2c"
	"\xcb\xbc\x01\x1a\x80\xa1\xc7\xa7\x0a\xe8\x04\x54\x23\x3a\x99\xfb"
	"\x94\x0c\x5e\xbe\x51\xec\x1b\x6a\x3b\xff\x6e\x1c\x82\xe0\x8d\xf4"
	"\xa0\xf6\x37\x9f\x1b\xd6\xe5\x85\xc7\x3f\x37\x88\x10\xed\xdd\x3d"
	"\x5e\x08\xe4\x91\x18\x40\x48\xf3\xe5\x94\x18\x81\x6c\x17\x26\xd3"
	"\x40\x06\xb9\x0f\x44\x00\x21\x6a\xbd\xbb\xe7\x18\x36\xf5\xc3\x6c"
	"\x93\x0e\x59\x1b\x3c\x22\xa1\x0b\xf2\xbc\x6c\xd2\x4e\x80\xa8\x8e"
	"\xbe\x46\xcc\x17\x73\x6f\x51\x70\x34\xbf\x9e\x0f\x1c\xa5\x2f\xaf"
	"\x3c\xe7\x1a\x94\xbc\xf2\xc4\x89\x24\xd0\xdc\x2b\xd3\x2b\x7f\xff"
	"\x0d\x1c\x14\xa6\x5e\xcf\x3e\x84\x40\x71\xd7\x15\xe5\xd0\xdb\x23"
	"\x10\x97\x53\x2e\x51\x39\x9b\xd9\x5e\xa6\x46\xdc\x08\x71\x30\xf5"
	"\x48\x13\xdb\xdc\xe5\xd8\xbb\xe5\x5e\x2e\x3c\x23\x09\xbb\xdc\xec"
	"\xca\x63\x41\x4d\xb0\x6b\xcf\x0e\x88\x75\x0e\xfc\x5f\x2c\x26\xde"
	"\x48\x8c\x0a\xe3\xf2\xd2\x73\x7e\x50\x4b\x5d\x47\x06\x3c\xe1\x68"
	"\x46\x7f\xfa\xf6\xe5\xcb\x5f\xfa\xf9\xb9\x99\x88\x78\x3d\xfe\x3f"
	"\xdf\x4e\xcf\x8f\x7f\x8d\x1a\xdf\x3c\xf8\xd3\xbd\x8d\xa2\xa8\xfc"
	"\x19\x36\xcf\x0d\x96\xb2\xb0\x67\x1b\x9b\x87\xf7\x17\xc4\xb4\x7e"
	"\x7a\x43\x8c\x38\x24\x61\x83\x2f\x22\x93\xd7\x6b\x26\xfc\xf5\x2e"
	"\xed\xb3\x1a\x43\xf3\x3f\x1e\xde\x4e\x3f\xa5\xb0\xd2\x3f\x7d\x1a"
	"\xa5\x2f\x2f\x5f\x47\x3f\x82\xf8\xdf\x46\xbf\x99\xca\xdf\xb4\x63"
	"\x20\x55\x6e\x13\x5c\xe1\x00\x66\xcd\x72\x06\x37\xeb\xc7\xef\x7f"
	"\xc1\x0f\xe6\xf1\xe5\x2b\xfc\xdc\x38\x4a\x42\xa7\x30\xf9\x88\x5e"
	"\x78\x57\x02\x82\x22\x06\x95\x73\xbc\xa8\x2b\x29\xce\x3f\x03\xd0"
	"\x89\x77\xf9\x39\x16\xe5\xcc\xe6\xda\x8c\xb6\x65\xb6\x06\x4f\x4e"
	"\xaa\x59\xbe\x47\xd0\x6f\x7e\x3b\x71\xc2\xf5\xe5\x6d\x7d\x5f\xec"
	"\x6a\xff\xdd\x2d\xa9\xd6\x38\x7e\x59\x35\xb0\xc8\x36\xa7\x87\xcf"
	"\xef\x7f\xe8\x45\xdc\x2c\xc4\xf8\xfa\xfa\x3e\x2a\x54\x14\xf1\xe7"
	"\x27\x74\xae\x2d\xc2\x55\x3c\x9b\xf9\xa6\x22\xc3\x2c\xab\x34\xd3"
	"\x4a\x4c\x1c\x84\xb3\xb0\xb9\xe8\x02\xad\x05\x4c\xb1\xf8\xed\xcb"
	"\xd3\xa7\xa7\xf7\xbf\x9c\x9d\x99\x4d\xa6\x9e\xd3\x43\xb4\xa9\x3c"
	"\x9b\xe0\x26\xa2\x6b\x80\xfb\x28\xba\xa9\xca\x89\x67\xfe\x6e\x2a"
	"\x64\x9e\x74\x76\x41\x99\x5c\xf9\x2e\x85\x04\xb2\x75\x09\xdc\xa6"
	"\x04\x76\x69\xef\x4f\x48\xef\xf2\xe5\xf4\xf0\xf6\xed\xf5\xf4\x05"
	"\x51\x0d\x10\x55\xf1\xa9\x13\xda\x00\x66\xa1\xe3\x39\x2e\x9c\xce"
	"\x5a\xd5\x60\xc4\xb3\x9a\x13\xba\xcc\x12\x8c\x28\xef\x9a\xae\xc1"
	"\xbe\xcd\xe4\x26\x3b\x7a\xd6\x6e\x3c\xe2\xd4\x18\x92\xf3\xc1\x21"
	"\x29\x70\x7c\x35\xe8\x61\x9b\x22\x96\x4c\x54\x5a\x7d\xc1\x02\x4a"
	"\x9f\x7e\xff\x03\xde\xf2\xae\xe9\xfb\x0b\x1e\x5e\x7c\xaa\x94\x00"
	"\x01\x38\x26\x9e\xf0\x5e\x41\x1e\x95\xd7\xbe\x98\xd6\x0c\xf4\x79"
	"\x02\x2c\x37\xe3\x2b\xdf\xc4\x05\xc8\xd3\x03\x61\x36\x9d\x8c\x3d"
	"\x31\xa2\x08\xe6\xd9\x5d\x00\x02\xcc\xd9\xa7\x00\x41\xee\x5e\xd0"
	"\xdc\xa3\xd0\x58\xe7\x93\x20\xc7\x28\x84\xf1\xaa\xf5\x8a\x6a\xa6"
	"\x9e\x3a\xa1\xc1\xfa\xb2\x4c\x27\xd7\x17\x63\xf7\x79\xda\x46\xf2"
	"\x44\x8f\x66\x0a\x63\xcf\x26\xf7\x4b\x19\xe0\xc6\x61\x4d\x70\xc3"
	"\x42\x91\x17\xb8\x47\xb8\xa7\x57\x5a\x15\xde\x48\xc8\x07\xac\x27"
	"\xb3\xd0\xad\xaf\xc2\x72\x83\x65\xca\x33\x7b\x76\x79\x85\xb1\xe0"
	"\xae\x30\x07\x9f\x08\x22\xe0\x03\x97\xc9\x78\xec\x71\x13\x25\x90"
	"\xcf\x85\xa2\xba\x99\x4e\x3d\xda\x3a\x28\xdf\xf6\x87\xa4\xf4\xc8"
	"\xad\x0a\xcb\xe9\xcc\xe3\x12\xc6\x30\x4f\xf8\xc1\xa6\xc7\x2a\x74"
	"\xab\x2f\xd4\x21\xc3\x3c\x81\xf7\x08\x76\xe5\xa1\x0d\xd8\xec\xd2"
	"\x13\x1a\x69\x5f\x5e\x8e\x17\x13\xcb\x36\xce\xf4\xf3\x21\xdc\xa6"
	"\xde\x3e\x39\xe0\x7d\x67\x7e\xe1\x71\x59\x3b\xa4\x73\x9f\xc2\xf6"
	"\x23\x3a\x13\x1d\x66\x75\x26\xaf\x22\xd9\xc3\xef\xcf\xa7\x77\x15"
	"\x28\xc2\xb9\x98\xdc\x40\x8b\xef\xde\xab\x02\x02\xb9\xe7\x5a\x70"
	"\x73\x71\x7d\xed\xd9\x5b\xb4\x82\x38\x0b\xd6\xdb\x81\xb5\x97\x95"
	"\xc8\x8c\xe3\x5b\x1e\x01\xc4\x1a\xe7\x5e\xda\x61\xa2\x3f\xbd\x44"
	"\xcc\x30\xe7\x42\xa0\xd7\x55\x26\xee\x3f\x0e\x34\x43\x63\x93\x85"
	"\x97\x50\x66\x79\x59\xed\xe2\x75\xd8\x55\x42\x86\x9f\xf0\x93\x4a"
	"\x64\x62\x9d\x12\x88\x13\x24\x2e\x91\x5c\xea\xbd\xef\x11\x8f\x9d"
	"\xbd\x4e\x61\x58\x73\x82\xfb\x0a\x53\xd6\x67\x9c\x23\x5d\x21\x3e"
	"\x2e\x7d\xc9\xba\x10\xb8\xad\x13\x08\xd1\x0c\x3b\x3a\xb2\xcf\x3c"
	"\x6b\xb1\x82\x79\xce\xf3\x38\x97\xfb\x16\x44\x3a\xb3\x8f\x3d\x53"
	"\x80\x60\xbe\xe9\x51\x21\x76\x55\x47\xab\xe2\x6c\x3b\xa2\x9f\xd8"
	"\xc7\x81\x34\xcb\xaf\x71\x70\xb1\xfa\x9d\x4b\xe6\xaf\xa7\x37\x3a"
	"\x45\x38\x87\xf8\x32\xbf\x98\x5f\x64\xee\x10\xdf\x4b\xd8\xb1\x79"
	"\x76\xaf\x4d\xee\x39\xe0\x21\xa7\xea\x78\x3c\xa0\xb1\x57\xe0\xce"
	"\x40\x69\x3b\x02\x0f\xa6\x28\x2e\x07\x45\x0b\x2b\x2f\xbd\xda\x43"
	"\x80\xa6\xee\x2e\xd2\x03\x1e\x8e\xc1\xa5\x7b\x1b\xa8\x2e\x7d\x67"
	"\xd5\x4d\x3e\xb9\x98\xbb\x6f\x86\x1f\xf3\x00\x1b\xb4\x75\xce\x67"
	"\x51\xf3\xb9\xe4\x99\xc2\x81\xb8\xce\x26\xe5\xf4\xda\x56\x0c\xeb"
	"\xee\x79\xf9\xf3\xe9\x0b\x9d\x60\x29\x9e\xe2\x27\xdc\x92\x38\x26"
	"\x89\x83\x00\x6f\x9f\xde\xbd\x2e\x89\x82\x02\xc1\x8e\x61\xe3\xe4"
	"\x09\x3f\x56\xac\x28\xde\x8a\x47\x61\x57\x16\x2b\x8f\x66\xa1\x3c"
	"\x42\xc5\x66\x8d\x2a\xd3\x25\x54\xc8\x3a\x0e\x70\x83\xfe\x7b\x31"
	"\x4e\x10\x8e\xd6\x22\xce\x24\xaa\x13\x62\xb3\xbc\x3e\xbc\x7b\x46"
	"\x2d\xe6\x64\x02\x2f\x17\xe4\xae\xcb\x76\xb0\xc0\xc9\x6d\x6d\x9b"
	"\x61\x0f\xd1\xeb\xaf\x2f\xe6\x9e\xad\x51\x01\x3d\xa7\xac\x2a\xcb"
	"\x2f\x3c\x4f\x6e\x0c\x72\x8f\xb5\x0a\xd6\x4d\xf6\x36\x63\x58\x61"
	"\x90\x67\xd3\xdb\xda\x46\xda\xa6\x0c\x22\x41\xe3\xe9\xd6\x1a\xb5"
	"\xfa\xca\x0c\x2f\x67\xa8\xad\xdb\x1f\x64\x56\x65\xbb\x5e\x00\x03"
	"\xd1\x20\xd2\x7a\x55\x59\x36\x67\x86\x36\xc1\x29\x05\x04\xe2\x54"
	"\xca\xc9\x26\x48\x92\xad\x4c\x9a\x93\xb5\x11\xf7\x08\xc5\x12\x7b"
	"\x84\xb9\xba\x08\x51\xa5\x91\x01\xa1\x54\xc7\x2d\x43\x64\x31\xb0"
	"\x4e\x84\x29\x9f\xfe\x00\x9b\x9b\x63\xbd\x2d\x3e\x8c\x1b\xce\x9b"
	"\xef\x87\x89\x68\x8e\xf9\x48\x96\x13\xba\x8a\xf6\x5b\x9d\x48\x6b"
	"\x56\xfb\x3b\x85\x85\x73\x96\x09\x42\x61\xe7\xa9\xd4\xf4\x9b\xdd"
	"\x1d\x29\x6a\x91\x75\x49\xdb\xdd\x35\x2d\x87\x91\x28\xcc\x0a\xc9"
	"\x4a\x10\x01\xce\x72\x72\x1d\xd1\x10\x2e\x97\x47\x96\x81\x34\x7f"
	"\xcb\x6c\xcb\x62\x23\x62\x84\x43\x80\x37\x9c\xbb\x03\x51\x35\x62"
	"\x37\x80\x72\x85\x34\x38\xb0\x6a\x47\x35\xa6\x9c\x82\x31\x69\xa4"
	"\x83\xb5\xba\xbf\x83\x83\x1e\x42\xc7\x83\x8a\xec\x42\x83\xb3\x72"
	"\xc4\x23\x41\x26\x2d\x78\x37\xfd\xfa\xc6\x1e\x08\xe8\x57\xdd\x36"
	"\x6d\xd2\x6a\xa7\x5c\xa5\x84\xad\x3d\x57\xfb\x25\xc2\x4b\xb0\x91"
	"\x3c\x8c\x13\x26\x84\xef\xac\x9a\x8a\x22\x37\x68\x3d\x59\x6c\x29"
	"\x9b\x6b\xe2\x5e\x44\x2d\x2c\xa2\xe7\xa5\x15\x62\xa8\x72\x82\x5a"
	"\x2f\x06\xb9\xcd\x6c\x90\xbf\xa1\x86\xeb\x37\x5e\x7c\xad\x15\xc5"
	"\x48\x84\x2a\x54\x72\xcd\x6f\xe1\x01\x3f\xab\x11\xdb\xc1\x6d\xa3"
	"\x61\x30\xe1\x0f\x4f\xbe\xf2\xdf\x81\xd9\x89\x33\xda\xaf\x94\x72"
	"\xdd\x5a\x4d\xd4\xc2\x37\x75\xed\x3b\x53\x98\xb2\x54\xa3\xdd\xce"
	"\x36\x67\x76\xc2\x79\x9e\xa2\x48\x0b\x4b\x89\xd1\x79\xf7\x80\x16"
	"\x9e\xf4\x32\x62\xb6\x1a\x86\x68\xd2\x20\x7f\x26\x4c\x28\xf7\x4e"
	"\xd2\x0a\x6e\x8d\x29\xcd\x29\x41\x50\x4a\x0e\x56\xfa\x14\x95\x48"
	"\xc9\xeb\x21\xc6\xe2\x86\x75\x23\xdb\x49\xc2\xd6\x4b\xd6\xa8\xa9"
	"\x2a\x14\x76\x80\xe8\xd3\x86\x25\x65\x97\xb6\x2e\x86\x44\x5f\x60"
	"\x84\x1b\xde\x0f\x3f\xa5\x82\x4d\xb5\x93\x17\x06\x6c\x1c\x7d\x6a"
	"\x99\x50\x8e\x04\x32\xb7\xb5\x1a\x61\x41\x6d\x43\x98\xa6\xe9\x16"
	"\x8a\x36\x77\x29\x3f\xfc\xf0\xeb\x13\x25\x66\xf9\xfb\x1f\xff\xd1"
	"\x7f\xfc\xfb\xf9\x93\xfa\x4b\x84\xc6\xe9\x57\x3e\xec\x81\x87\x00"
	"\x7b\xdb\x43\x94\x64\xee\x95\x3b\x0a\xac\x33\xb3\xe6\xaf\x49\x1b"
	"\x60\x7a\x99\x3f\xa8\x7d\xc1\x27\xf3\xdb\x15\xcc\x2d\xc5\xca\xab"
	"\x8b\xc0\x4d\x1f\x31\x97\xd8\x13\x96\xa5\xbb\xb9\x43\x6e\x0f\x84"
	"\x82\xa3\x43\xcd\xb7\xaf\x94\x15\xbe\x5d\x38\xca\x8a\xca\x9b\x4a"
	"\xf1\x53\xa5\xa3\x95\x55\x5a\xd0\x72\xb7\xa7\x38\x5a\xe0\xba\x44"
	"\xfa\xc0\x73\x68\xc3\x29\x54\x54\x34\xd6\xca\xf2\x26\x34\x95\x51"
	"\x04\x2b\x27\xf9\x95\x2f\x51\x63\x6c\xb1\xa3\xe5\x0a\x3b\xb5\x5d"
	"\x6e\xf9\x72\x20\x9e\x8f\xab\x03\xca\x34\xc9\xb0\xd6\x5b\xd2\x50"
	"\x9f\x38\x1e\x65\xd7\xb1\x43\x93\xd7\xa5\x18\x65\xbb\x26\x23\x4b"
	"\xd3\x80\xb8\x13\x28\xcd\x00\x9a\x4b\x57\x69\x9b\xa0\x69\x8a\x3c"
	"\x9b\x6e\xd6\x65\x77\xc7\xd3\x46\x85\x8d\x33\x26\x2c\xf4\xe2\x02"
	"\x89\x09\x3f\xfc\xf0\xe5\xed\xcb\x4f\x0f\x9f\x5e\x4f\xcf\x2f\x3f"
	"\xbd\xff\x5f\x93\xde\xc2\x90\x31\x1e\x98\xa6\x7e\x9d\xa4\x04\x49"
	"\x3b\x8a\x35\xec\x68\x77\x11\xac\x87\x22\xcb\x1e\x90\x87\x8d\xf1"
	"\x13\x2b\xbe\x20\xf4\xde\xe8\xf4\x27\xae\x6c\x6f\x50\xfd\xd3\x25"
	"\x50\xf3\xaa\xfc\x8b\xc8\x86\xb4\xf5\x79\x52\xdf\xca\x4d\x89\x4f"
	"\x4c\x67\xf5\x44\x01\xe9\x78\xc3\x12\x45\x23\x65\xa2\x09\x87\x6c"
	"\xbc\x97\x73\x42\x41\xc8\x4e\x93\x85\x09\x32\x7c\x20\x03\xab\xd7"
	"\x60\x52\x37\xe9\x84\xc7\x32\x0d\x02\x6c\xda\x81\x69\x4a\x80\xcc"
	"\x00\x69\x49\xf3\x07\x18\xad\xd6\xb0\x80\xa6\x80\x53\x13\xab\xc7"
	"\x14\x36\xac\x7b\xcb\x04\xa6\x1c\xa1\x65\x02\x66\x53\xc4\x02\x00"
	"\x97\x18\x24\x93\xe9\x95\x47\x26\x41\xca\x2e\x87\x13\x88\x73\xf4"
	"\x32\x03\x3d\x7f\x53\x4d\xfc\x17\xa4\xcb\x92\x04\xe9\x37\x96\x2a"
	"\x78\x8e\x4a\x5a\xad\x94\xb2\x25\x4b\x51\x16\x29\xe2\x04\x26\xb9"
	"\xbd\x50\x62\x46\x56\xbf\xf8\x41\x47\x3f\x68\xbd\x2a\xbd\xd2\xdf"
	"\x85\x03\xc0\x65\x35\xc0\xcb\x36\x49\xfb\x45\x9b\xd6\x4d\x98\x1b"
	"\x34\x4d\x7e\x20\x8b\x7c\xab\x3f\x57\x0a\xad\x3e\x06\x55\x25\x7c"
	"\x87\x9a\xcf\xa6\x27\x3b\x74\x40\xdb\xd5\x81\x5c\x0c\x96\xc3\x38"
	"\xf6\xd9\x9b\x88\x11\x5f\x43\xf8\x4c\x2f\x2b\xb4\x60\x9f\x22\xbe"
	"\xd7\xf6\x17\x65\x10\x2f\xbb\xb0\x47\x0f\x26\x2e\x7c\xc3\xf5\x0d"
	"\x1b\x30\xec\xde\x37\x00\x70\x34\x32\x3e\xe6\xc8\xba\x63\x1f\x47"
	"\x9a\x6f\x2a\xd3\x29\x56\x45\xd7\x5e\x4e\xd1\xe1\xc8\x51\xeb\xc6"
	"\x72\x8f\x21\xfb\x71\xb2\x65\xb9\x87\x33\x84\x0b\x0e\x26\x5a\x81"
	"\x08\x51\xcb\xcf\x48\x47\xbb\x16\x13\xd1\x2a\x02\x21\xc1\x1f\x07"
	"\xbb\x0a\xcd\x1c\x39\x9a\x81\x85\x65\xae\x93\xb3\xa9\x19\x10\x25"
	"\xfb\x8c\x89\x58\x71\x51\xf7\x03\x32\xb7\xc2\x8b\xee\x1e\x41\x74"
	"\xed\x13\xfa\x2a\x50\x00\xd9\x25\x9a\xea\xed\x7e\x57\x09\x0f\x76"
	"\xfe\x59\x23\x4e\x1b\xfb\x3f\xd3\x86\x55\xac\x2c\x6b\x77\xce\xa7"
	"\x0c\xd7\x57\x94\xaa\xef\x82\x62\xdb\x89\xe2\xab\x00\xbe\x29\xac"
	"\xa0\x08\x5b\x61\xbb\xe8\xac\xb2\xaa\x3e\x58\xda\xce\x86\x39\x86"
	"\xd0\x12\xd1\x7c\xa0\x7a\xe1\xdf\x29\x65\x46\xd1\x28\x57\x25\x2d"
	"\x7b\xb2\x79\x66\xc4\x29\x70\x07\xda\x88\x94\x57\x46\x6b\x0f\x0c"
	"\xf1\x49\xd2\xd1\x98\xb4\xfb\x20\x4e\x9f\x9a\x8b\x86\x76\xfb\x15"
	"\x77\xb3\x28\x29\x30\xf0\x11\xd1\xaf\x18\x2c\xdf\x62\x06\xe9\x5d"
	"\x00\x87\xc5\x15\x2e\x54\x3b\xcb\x82\x5d\x90\xa5\xe3\x9f\xb5\x7b"
	"\xbb\xea\x3e\xa2\xdf\x39\x28\xa7\xac\xd8\x85\x98\xc5\x90\xde\x2e"
	"\x77\xdf\x81\x12\x2c\xe4\x31\x42\x46\x57\x70\x51\xb3\x65\xc9\xdb"
	"\x5a\xf8\xf0\x88\xa0\xb6\xea\x4f\x15\x76\x6e\x05\xb3\x21\x2c\x1e"
	"\xb2\x52\x05\x8e\x7e\xc2\x31\xed\xe7\xe8\x10\x8d\x68\x2f\x6c\xb7"
	"\x42\xc3\x52\x52\xee\xae\x71\xe9\xe9\x54\x63\xc0\xfb\x88\x32\x9e"
	"\xf7\xe8\x46\xbb\xf2\xe7\x55\x50\xfd\x8c\x54\x6b\x36\xdd\xa6\x37"
	"\x3b\x6b\x65\x56\xa2\x84\xea\x31\x8d\x71\x40\x71\xeb\x03\xfd\x6e"
	"\x4e\x18\x21\x0e\x06\x39\x22\x05\x7e\x98\x4d\xaf\x9a\xf1\x26\xe1"
	"\xc9\x8e\xa2\x05\xe0\x1a\xfc\xe1\x87\x6f\xef\xbf\x2d\xc4\x79\x59"
	"\x62\xed\xab\x95\xa5\x60\xd2\x35\x97\x51\xb7\x6a\xf5\xa5\xdd\x9a"
	"\x01\x6f\xc7\xb9\x02\xe2\xa0\x12\xdc\x23\x8a\x22\x75\x1b\x8d\x2b"
	"\xde\x7d\x2d\x82\x4d\x18\x48\x00\x71\x74\xde\x0a\x15\x46\x43\x61"
	"\xc5\x8b\xb2\xab\x6d\x36\x46\xaf\x75\x56\x3d\x6a\x8f\xc0\x8b\xbc"
	"\xbd\xed\x28\x12\xf0\x2d\x5c\x6f\x89\x4d\x92\x5e\x7d\x87\xe5\x4b"
	"\x38\xcf\x28\x14\x8a\x3e\xb0\xc7\xb8\xea\x6c\x5b\x0e\x20\xdd\x34"
	"\x92\x2d\xf2\x83\xa7\xc1\x32\x4e\x21\xea\x7f\xbe\xfc\xfa\xbf\x11"
	"\x0f\xba\x7e\xfd\xe7\xdb\xa7\xc7\x87\xd7\x4f\x35\x1d\xcc\x90\x11"
	"\xfc\xf3\x3f\xdf\x90\xdc\xcc\x8c\x99\xa6\x35\xee\xb3\x83\x82\xd2"
	"\x6e\x8a\x30\x97\x49\x28\xd6\x65\x05\xd9\xb3\xdf\x9e\x5c\x55\x90"
	"\xac\x8c\xc6\x4e\x6f\x10\xe6\x6f\xa7\x6f\x9f\x5e\x46\x48\x14\x28"
	"\x06\xb6\x96\x15\x85\xa3\x50\xc3\xcb\xb0\xc5\x9f\x6e\xba\x36\x6a"
	"\x12\x9f\x14\x22\xbc\xa0\xc9\x8f\x2c\x49\xd8\x80\xc2\x79\x9f\x76"
	"\x79\x9b\x1c\x94\x57\x29\x79\xdc\x48\xde\x6c\x8c\x3d\x12\x6a\x08"
	"\x27\x02\x4d\xf9\x06\x07\x68\x79\x36\x6c\x74\x70\x1a\x0c\x3d\xa1"
	"\x84\xf2\x4f\xd7\x5e\xab\x00\x4d\x4f\x9a\x8a\x37\xfb\x35\x76\x8d"
	"\xa5\x2d\x32\x4d\x1a\xbe\x1f\xab\x08\xbb\x1d\x72\x4b\x8a\xa1\xc1"
	"\x51\x8e\x36\xb0\x0c\x5c\x27\xeb\x60\x8b\x6e\x81\xa3\x2b\xa6\x9f"
	"\x59\xec\x55\x61\xee\x86\xf6\x23\x39\xb2\xf0\xae\x0c\xee\xe1\x27"
	"\x6d\xad\xdd\x3b\xb8\xc4\xaf\xe3\x5e\xbf\x19\x16\x83\x68\x00\xb6"
	"\xea\xc1\x34\xf3\x31\xef\xd2\xd6\xb2\x61\x3e\x61\x6a\x96\x65\x13"
	"\xca\x5e\xe3\x97\x38\xea\xe3\x90\x6f\x1f\x46\x36\x3d\xea\x86\x2b"
	"\x80\xf2\x14\xae\xb8\xb6\xe4\x0c\x78\x39\xd0\x20\x48\xdb\x57\x6c"
	"\xa0\xd4\x2f\x68\xaa\xf7\x74\x1b\x22\xae\xaf\x87\x93\xf2\x76\x1f"
	"\x94\xe0\x56\x0e\x2d\xc3\xe6\x61\xe0\x34\x4d\xde\xde\x47\x1f\xa3"
	"\x3b\x54\xe7\x83\x6d\x30\x22\x7d\xb0\xdb\xed\x71\x36\x08\x9d\xfb"
	"\xa1\xd8\x9e\x7a\x40\xdd\x7b\xf0\x20\x86\x41\x69\x3b\xde\xd4\x6f"
	"\xda\x24\x60\xdd\x4c\x7a\x00\x75\x6e\xb5\x26\x25\x17\xa9\xd3\x8f"
	"\xe4\x99\xa4\xc0\x4e\x11\x69\x52\xe9\xc7\xd9\xf7\xe2\x6d\xd8\x16"
	"\xdc\xff\x14\xa4\x29\x2e\x66\xa4\xaf\x3a\x5f\xf3\xc7\xb2\xc2\x2c"
	"\x74\x20\x5a\x6d\x37\x18\x67\x85\xd0\x6c\x9d\x3d\xc4\xa6\x0e\x83"
	"\x40\xf1\x97\x3f\xc3\xfc\xca\x5c\xd7\x35\xe7\xa8\x98\xd4\x2a\x3d"
	"\x02\x76\xac\x1e\x8d\x8c\x91\xe9\x12\x3b\x05\x88\xba\x41\xb8\x1c"
	"\xa7\xcc\xb1\x4a\x1c\x7c\x23\x08\xea\x4b\x1f\x08\x07\x60\x0a\x9d"
	"\x26\x17\x1a\x49\x5e\xcb\x6b\x2b\x53\xff\xe0\x47\xdb\xdc\xa7\xb7"
	"\x97\xc5\xe2\xf2\xfa\xa7\xb1\x69\x30\x81\x9b\x5d\xb8\xc6\x09\x43"
	"\xb6\xc4\x82\x5d\x79\xde\x05\x6d\x24\xcf\x53\xbe\x85\x84\x7c\xdb"
	"\x92\x69\x33\x55\x3b\x48\x96\x8a\xd7\x87\x64\x3d\xba\xf8\x90\xdc"
	"\x8f\x4c\x76\x75\x1e\xab\xc0\x0e\x92\x75\x19\xf0\x54\xe7\x49\x36"
	"\xde\xa1\x34\xfd\x0e\x11\x78\x6c\x77\x3b\x94\xbe\x47\x04\xb6\x61"
	"\xbc\x8f\x71\xb7\x8d\xb5\x55\xdd\xb5\xc7\x26\xd3\x46\xfa\x9e\x0e"
	"\xbe\xf6\xbc\x18\xda\x94\x66\xdf\xc1\xd3\xc2\x63\x5a\x42\x94\x70"
	"\xa2\xa7\x01\x5f\x5b\x67\x5f\x77\xfb\x61\x4e\xf5\x1d\xe3\x12\x58"
	"\xfe\x41\x10\x94\x61\xe2\x0a\x9d\x24\x39\xb1\x22\x12\x4a\x80\x7f"
	"\xbc\x37\x8d\xf0\x8f\x99\x06\xc3\x6d\x63\x23\x6b\xf1\x8f\x96\x86"
	"\x86\xf5\x18\x6f\x89\xaa\xc1\xf0\xcf\xa7\x06\xc3\xdf\x6b\x0d\x86"
	"\xc7\x87\x51\xb2\xea\x79\x6f\xb6\x50\xfc\xcd\xb9\xd9\x25\x8b\xda"
	"\xba\xf2\x5a\x6d\x61\xf0\xde\x3b\x09\x91\x38\xab\xc6\x6e\x8c\xe8"
	"\xfe\xe2\xbc\x6a\x11\x20\x0c\xf8\x7b\xe2\x78\x78\x06\x05\xba\x8a"
	"\x7d\xe1\x4e\x36\x40\x4d\x61\x3a\xc5\x0e\x37\x80\x73\x95\xdd\x17"
	"\xc8\x60\x71\xa6\xba\x75\x80\x6b\xca\x30\x47\x48\xcc\x10\xbb\x23"
	"\xad\x37\xec\xc0\x01\x19\xa9\x0b\xac\xa3\x7a\xaf\xe9\xb8\x0b\x25"
	"\x96\xae\xba\x87\xc1\xe2\x3b\xd7\xa8\x6a\x5f\xdc\x74\x92\x1d\xb4"
	"\x9b\x18\x22\xb6\xac\x16\x72\x43\x8a\x52\xf7\x53\x0e\xc2\xfa\xd3"
	"\x1e\x26\x3b\x82\x6f\xfc\xe5\xe9\xf1\xdb\x2b\x19\x84\xbc\x7c\x25"
	"\x63\x79\xa1\xf6\x46\xe4\x0a\x71\xd9\xa2\x5f\x7c\xbc\xe0\xbb\xae"
	"\x69\x09\x14\xea\x25\xa5\x1f\xd8\x62\x23\x8f\x21\xfd\xed\xda\x7d"
	"\xc6\x5c\x22\xd6\x3d\x91\x90\xf5\x1b\x22\x5a\x21\x87\x7b\xa8\x17"
	"\x05\x80\x3a\xda\x40\x13\x88\x8c\x7c\xa4\xb0\x76\x13\x6a\x14\xa5"
	"\x94\x71\x0c\x41\xf8\xf0\xba\x0d\x4f\x70\x3b\xbe\x90\x16\x9d\xc1"
	"\xa4\x17\x01\x15\x16\xa0\x34\xf8\xed\x99\xa6\x41\x93\x12\x6e\xbe"
	"\xd9\xa7\xe9\x2e\x5d\x7d\x0c\x71\x15\x24\x1d\x1d\x1f\x51\x8e\xab"
	"\xc2\xdd\x59\x4d\x15\xb8\x55\xd9\x4f\x4e\xba\x16\x98\x2a\x23\xdc"
	"\x37\x9e\xa9\x71\x3c\x87\xe3\x58\x54\x7c\x98\x4e\xae\xe6\x8b\x46"
	"\xf5\xc1\x29\x0a\xa0\xf0\x88\xf0\x6e\x12\xb1\x46\x91\x34\x47\xd0"
	"\x6a\xf6\xc2\x5a\xf5\x90\xda\xa6\xf7\x40\xc8\x31\x9a\xa6\x4b\xd8"
	"\x19\x0c\xe1\xd0\x35\x10\x41\x36\x44\x54\x0c\xbc\x5e\xb0\x62\x53"
	"\xbd\xc6\x59\xf2\xe0\xa8\x0d\xcc\x1f\xbd\xec\xa8\x10\x72\x72\x80"
	"\x74\x65\xaa\xf5\x0b\x16\x0d\xfd\xb6\x61\x74\x0f\x14\x1c\x0b\x69"
	"\x19\xec\x44\x10\x66\xa4\x19\xc1\x36\xaa\x0a\x98\xb5\x7b\x22\x30"
	"\xf5\x51\xa1\x68\x80\x47\x6e\xdb\xfa\x1e\x46\x70\x40\x9e\x76\x34"
	"\x4a\x4c\x9b\x1e\x0e\xab\x63\x10\x21\x85\xa2\xcf\xd4\x87\x20\x45"
	"\x92\x7a\x13\xd0\xa7\x87\x5c\x26\x11\x62\xc0\x22\xf8\x55\xb9\xa1"
	"\x88\x52\xe5\x87\xeb\xa6\x8b\x5b\x54\x2c\x8e\xd4\x23\x8e\x26\x12"
	"\x84\x82\xee\x6c\xd7\x7b\xf7\xc3\xbe\x4d\x84\x86\x25\x74\xe6\x50"
	"\x1b\xcb\x3e\xf0\xd1\x85\x0d\x04\xc7\x1d\x82\xfe\x28\xf0\x84\x8c"
	"\x32\xe4\xab\x5d\xb6\xbb\x77\x2f\xef\x06\x07\xf4\xf0\xbe\xef\xf1"
	"\x30\x34\x58\x14\x9c\x10\x21\x4b\x87\x19\xbc\x0f\x9c\x69\x55\x48"
	"\x23\xbe\xee\xbe\x83\x99\x8f\x88\x41\x83\x96\x60\xad\xb5\x96\x48"
	"\x3d\x02\x5b\xac\x60\x1f\x25\x96\xda\x3f\xb1\xeb\x32\xe2\x8a\x0f"
	"\xd6\xd4\xd6\x84\x1a\x85\xa5\x69\x90\x63\x48\xf7\x71\xa8\x23\x9d"
	"\x4d\xee\xa1\x76\x3c\xab\x3c\xb5\x7e\xf8\xe1\xed\x04\xbb\xd7\x6f"
	"\x7f\xfe\xa0\x9e\x3d\x6f\xa0\x94\x3b\x7d\x1e\xfd\x01\x15\xdd\x89"
	"\x0d\x0a\xdb\xbd\x80\xf7\x88\x0c\xf1\x5c\x5f\xff\x42\x8a\x9c\x27"
	"\x72\x14\x79\xfa\xbf\x0f\xda\xad\x4a\x93\x47\xd4\x39\x52\x05\x71"
	"\x6a\xa9\x03\xec\x02\x29\x58\x5a\x3b\x4b\xe8\x17\xcd\x0a\x8c\xc5"
	"\x2d\x8c\x66\xe4\x50\x15\x20\x2c\x2d\xce\x16\x32\x0a\x2c\xa4\x78"
	"\xed\x6a\x2e\x69\x08\xac\x36\x88\xcc\x29\xb1\x1a\xd9\xd8\xb8\x0d"
	"\xcb\xf4\x7a\x43\xb1\x4b\x94\xd6\xfb\xf5\xaf\xaf\x70\xf4\x7c\x7c"
	"\x81\xdd\x2a\xec\x58\xfe\x38\x7d\x86\x41\x20\x20\x16\x32\x3d\x0a"
	"\x59\x39\x71\x58\xb7\x04\xb5\x2a\x7f\x16\x0f\x1d\xcd\xf7\x38\x10"
	"\x81\x8c\xc4\xc7\x3e\xea\x32\xbd\x09\x93\x1c\x16\x86\xad\xd4\x34"
	"\xbe\x81\xf4\x0b\xd1\xa2\xd0\xc3\xa7\x8f\x7d\xd4\x42\xc6\x8f\xd3"
	"\x94\xf1\xcd\x89\xd8\xc8\xb8\x47\x3a\xd0\x3c\xf6\x4b\x35\x90\x5e"
	"\x91\x9b\x3c\xef\x63\xe3\x63\x0f\x11\x2f\x1b\x30\xff\xed\x7d\x46"
	"\x3e\x1c\x7c\x33\x53\x4a\x73\x1e\x59\x46\x18\x76\x1f\xc5\x61\xd4"
	"\x17\x0a\x8e\xa8\xd8\x95\x8a\x1e\x79\xfd\x9d\xea\xed\xd6\x41\xaf"
	"\x70\x72\x88\xd9\xb5\xe8\x82\x94\x01\x8a\x36\x0f\x8e\x26\x2e\xd6"
	"\x7c\xcd\xe7\x7a\x85\x14\xe0\xd9\x5e\x18\x47\x68\xc0\x76\x2f\x93"
	"\xaf\x89\x8f\x2e\x4e\x72\x86\xfb\x79\xa1\x83\x04\x47\xb3\xed\x35"
	"\x8f\x0b\x5a\x66\x1e\xba\xaa\x4c\x41\xfc\x34\x31\x93\x37\x38\x93"
	"\x39\xe4\xd2\x8d\x23\x6e\xcb\x05\x01\x9f\xa8\x3e\x9e\x53\xc1\x37"
	"\xe4\x00\x83\xdd\xfc\x23\x54\x47\x9f\xe0\xbb\xfe\x48\x73\x8c\x32"
	"\x43\xfe\xe7\x09\x4e\x7e\xc1\xdb\xdb\xcb\xe3\x13\x83\xa2\x87\xf7"
	"\x07\x35\x0b\x75\x46\x24\x9e\x9a\xb0\x1a\x73\xad\x9f\xba\x05\xeb"
	"\xd0\x52\x27\xe9\xaf\x78\xe3\xc1\xff\x4f\x2e\xf2\x5d\x7a\x0f\xb7"
	"\x49\xf7\xbd\x47\xe3\x06\x94\x35\x0b\xfd\x23\x85\xd0\x1d\x04\x0d"
	"\x8e\x7b\x65\x92\x84\xe0\xd3\x32\x44\x08\xdb\xda\xbe\x84\xf3\xdc"
	"\x59\x1c\x30\x64\x21\x75\xc4\x1b\xdf\xca\x6c\x26\x9a\x81\x18\x6d"
	"\xc6\x2a\x49\x31\xb6\x58\x8c\x4b\xce\x64\x80\x84\x6b\xfc\xe2\x67"
	"\x53\x08\x97\xae\x4e\x0d\x57\x56\xe0\xe6\x4e\x11\x69\xab\xd0\x08"
	"\x5a\x9e\x70\x0c\x1b\x14\x80\xb9\x2b\xc2\xb4\xb8\x1b\x6a\x74\x0e"
	"\x86\x24\xdc\xae\xfa\xc8\xd5\x74\x49\xe2\x26\x70\x57\x78\x2c\x15"
	"\x9b\x3e\x41\xd0\xd0\x2d\x72\x24\x48\xd2\x2c\x9b\xcd\xc3\xdb\x1f"
	"\x94\x8b\xce\x25\x1a\x6c\xb2\x68\x80\xcd\xc1\xc6\xf5\xf1\xe8\x96"
	"\xe2\x01\xb8\xbd\x0a\xe1\x44\x82\x54\xbb\xa8\xdb\xa6\x1b\x16\x88"
	"\x43\xd4\xaf\x8e\x3f\x3b\xa4\x88\xef\xd5\xf8\x22\xb2\xb3\x30\xdb"
	"\x14\xd7\x7a\x3b\xe8\x4a\xcb\x35\x17\xec\x92\x59\x34\xeb\xb5\x3b"
	"\x8b\xac\x50\x25\x5a\xac\x48\xa9\xb3\xc1\xdd\x19\x97\x0e\xab\xa1"
	"\xdd\x2a\x8b\x2c\x3a\x33\xb1\x08\xc3\xa3\x4c\xd4\x55\x01\xe3\xcc"
	"\x9c\x02\x06\xdc\x2b\xa5\xc0\xed\x66\x21\x29\x33\xa9\x91\x7a\x1f"
	"\x41\xd6\xf5\xf9\x72\xec\x5a\x7c\x41\xc4\xad\x50\xd2\x6c\x96\xd9"
	"\x20\xb8\x5a\x17\xbe\x94\xba\x9a\xc0\x5d\x8e\x8a\x65\x23\xd4\x4a"
	"\xf8\xf4\x15\xf9\x13\xc5\x55\x5c\x63\x07\x88\xb4\xdb\x9f\x63\xf8"
	"\xda\x89\xe3\xd8\xed\x91\x60\xbb\x5f\xda\x81\xb4\x6c\xb1\xe0\x35"
	"\x8f\xc6\x40\xb7\xd8\x12\xb6\x0d\xfe\x34\x8b\x7a\x99\x46\x2a\x49"
	"\x68\x5c\xdc\xe6\x8f\x9a\xed\x10\x6a\xfe\xc1\xc5\x98\x10\xac\x05"
	"\xd4\x66\x2f\x72\x36\x7b\xc5\xd4\xa5\xec\xba\xfc\xdf\x6c\x82\x8f"
	"\x81\x5b\x45\xa3\x39\x2b\x71\x75\xc1\x86\x31\x44\xa4\xd9\x54\x86"
	"\x70\x10\x1a\x77\xb8\x1a\xc4\x23\x86\x86\x64\x90\x44\xe6\xd6\x4b"
	"\x6a\x46\xab\xd8\x92\xb0\x2d\x1f\x28\x13\xa8\x9b\x7a\xc3\x5a\x7f"
	"\x27\xad\x8d\x8a\x49\xa4\x06\xd7\xcb\x97\xaf\xe4\xa4\xa5\x22\x23"
	"\xd8\x94\x70\x66\xa6\xa7\xb2\x1e\x25\xbc\x8f\x39\xc6\x07\xde\xae"
	"\x86\x9a\x84\xc7\xb2\x33\xe0\xcd\xe0\x3a\x42\x4f\x5e\x92\x00\x73"
	"\x5f\xc0\x6f\x09\xa9\x08\xb6\xdf\xbe\xfc\x8a\xc4\xc6\x3a\xe0\x83"
	"\xab\x29\xc1\x16\xb9\x31\xc3\xdc\x75\xf4\x8d\x8a\xe5\x1a\xaf\xbf"
	"\x9c\x60\xbd\xd3\x7e\x82\xe8\x45\xbf\x3b\x9a\xb8\x14\xad\xb2\x92"
	"\x27\x27\x12\xec\x6f\x25\x4e\xbf\x8a\x9e\x7c\x7f\x49\x2a\x5c\xbb"
	"\x31\x44\x0a\xe8\x69\x1c\x92\xa6\xe3\x28\xe5\x98\x61\x4d\x80\xa4"
	"\xdd\xad\xdf\x20\x96\xfa\xb4\xfe\x5d\xc8\x10\xd2\x77\xe1\x05\xb8"
	"\xd2\x48\x44\xbb\x65\x24\x1b\xdc\xfd\x56\x34\x54\x3a\x10\xcb\x44"
	"\x4a\x0f\x69\x44\x71\xc4\x21\x2f\x97\xf4\xba\xad\x21\x14\xdc\x1e"
	"\x91\x2d\xb4\x0e\xb7\xdb\xcb\xcb\xa3\xdb\x9c\x4a\x12\x0c\x0e\x09"
	"\x72\x23\x7d\x4c\xce\xd2\xbd\xb5\x23\x48\xda\x0c\x53\xc5\x6c\x95"
	"\x4c\x31\x88\x81\xd9\x6b\x91\x42\x68\x2e\x91\xae\xc2\x31\x50\x1c"
	"\x3d\x49\x05\xc9\xfe\x4e\xf1\x7c\xae\xf1\xcc\xc3\x99\xde\x21\x8a"
	"\x21\xec\x33\x2c\xbd\x85\x4b\x92\x1b\xe4\x87\x22\x53\x52\x59\xa9"
	"\xe6\x3c\x28\xef\x33\x58\x2a\x41\x57\xca\xf1\x8a\xab\xfb\x5c\x34"
	"\x59\x00\x11\x08\x16\xaa\x73\xc6\x29\xf7\x4b\x1b\xed\x78\x79\x71"
	"\x0d\x6d\x3f\x29\xfb\x12\x04\xcf\x87\x2b\x05\x59\x5c\x89\x5b\x57"
	"\x7e\x13\x96\x57\xda\xea\x42\x40\x0d\xab\x0a\x4e\x37\x0c\xaa\x40"
	"\x72\x69\x50\x48\x47\x03\x8d\x26\xfc\x34\xd8\xb8\x93\xec\x2d\xb9"
	"\xb2\x8e\x29\xaa\x5a\xe7\x28\xac\x05\xf2\xf8\xe2\x92\xf1\x36\x82"
	"\xaf\xca\xe8\xed\xe9\xf7\x67\xe5\xe5\x07\x6b\xb8\xc7\x7f\xc1\xc7"
	"\x00\x78\x5a\x00\xca\x22\xa5\xae\x70\x4e\xaf\x94\x1a\x9a\xd4\x66"
	"\x6d\xb7\xf7\xe1\xf0\xc7\x90\x26\x4c\x2a\xd4\x38\x2c\xa6\x0b\xf4"
	"\x6d\x2b\x04\x77\x2b\x62\xd4\x0a\x07\xca\xfb\x6e\x7d\x6e\x6c\x45"
	"\x7a\x99\x42\x83\x92\x42\xd5\x4e\xc2\x21\xe6\x24\xb2\x6e\x05\x3c"
	"\x4e\x88\x2a\xdb\x79\xae\xc0\x3c\xcb\x21\x7d\xfa\xf5\xf5\x01\xda"
	"\x9b\xd7\x17\x44\xc3\x79\x96\x27\x5f\x68\x14\x91\xad\x18\x0a\x7c"
	"\xd1\xd9\xac\x3a\x66\xeb\x1e\x17\x54\xe9\xde\x03\x71\xa5\x6d\xbc"
	"\xb9\xa0\x68\xdf\x86\xd0\x31\xaf\xf0\xa4\xd1\xd8\xb0\x6a\xae\x24"
	"\x4a\x1a\x6f\x3d\x50\x28\x1f\x55\xf4\xf9\x56\xe8\x4d\x41\xb8\xda"
	"\x19\x23\x7b\x4d\x93\x39\x24\x03\xbc\x30\xcb\x8f\xe1\x66\xcd\x76"
	"\xc0\x48\x6b\xde\x16\x36\x16\x4a\x9c\x52\x0a\xd7\xf0\x2a\xc9\x11"
	"\x2b\x9c\xc6\xa3\x19\x4e\xb0\xd0\x54\x86\x9f\x88\xd2\xeb\x10\x27"
	"\x8e\xdd\xe4\xbc\x54\x09\x65\x16\x3e\x8d\xe9\xfc\x68\x48\x10\x4e"
	"\xff\x6c\x6e\x81\x93\x6a\x5f\x5b\x7b\xbf\x6e\x03\x8a\x4e\x3b\x87"
	"\x4e\x7c\x20\x45\x76\x2f\x5d\x97\x2c\x81\x60\xf9\x78\x7c\x5a\xde"
	"\x5b\xaf\x3e\x4c\xab\x81\xf8\xb6\x5d\xa6\x1e\x14\xc8\x73\xe0\x5b"
	"\x2b\x08\x03\xfd\x2e\x65\x21\x9b\xe2\x79\x6c\x47\xe5\xde\x2a\xad"
	"\x77\x50\xdd\x0c\xf8\x1c\x31\xbf\x9d\xbb\x68\x68\x5d\xc6\x9b\x8e"
	"\x26\x7d\x6b\x3f\x0d\x06\xab\x61\x55\xae\x3d\x52\x1d\xc1\x14\x54"
	"\x0f\x16\x31\x00\xb8\x64\x0f\x6a\xda\xa3\x72\xb0\x0c\x0b\xfc\x23"
	"\x58\xa5\x2d\xcd\x3e\x14\xf1\xd7\xde\x51\x49\xda\x10\xb5\x5c\xd0"
	"\xd7\x08\xf3\xbd\x6f\x7a\x74\xfc\x48\x00\x29\x6a\xdd\xe4\x16\xbd"
	"\x5e\x63\x23\x6b\x69\x09\xc0\x12\x00\x1a\x3b\xfd\x22\xe9\x47\x99"
	"\xb0\xac\x99\x42\x8e\xa7\x1f\xec\x18\x88\x5e\xb3\x4b\xa1\x9b\x17"
	"\xaf\x35\xf2\x2b\x19\xca\xd3\x28\xd3\x95\x58\x20\xf0\x22\x40\x15"
	"\x16\xbe\x12\xa9\x6d\x42\x71\x08\x6d\xbf\xc1\xc4\x47\xb4\x42\x7c"
	"\x5f\x0a\x87\x30\xf1\x79\x55\x8a\xef\x88\xca\xbe\x0b\x91\x03\x04"
	"\xa1\xd9\xd1\xdf\x85\xcc\xb7\x8e\x03\x07\xad\x0b\xb1\xc0\x56\x9f"
	"\xc8\xa1\x80\x92\x9b\xb5\xbc\xd3\x77\xc4\x28\x6e\x3f\x6c\xb9\xf5"
	"\x48\x40\x92\x21\x07\x13\x12\x8b\x56\x82\x73\x86\x11\x80\x5e\xd8"
	"\xe8\x3d\x47\xac\x8f\xbc\xac\x10\x8c\x5e\xdd\xea\xaa\x9e\xcf\x30"
	"\x5f\x5a\xb2\xbc\x7c\x36\x42\x27\xb4\x70\x07\xb5\x2e\x0e\x76\x2d"
	"\x0a\x7d\xd5\xcb\x0e\xfc\x1a\xda\xef\xe5\x5d\xb2\x83\x11\xa6\xf8"
	"\xb0\x4e\x95\xda\xbb\xfd\x44\xe9\x2e\x91\x0d\x41\x34\x2c\xba\x95"
	"\x8b\x71\xba\xb3\x94\x30\x6b\xfc\x1e\x5a\x4f\xb6\x18\xd7\x96\x7a"
	"\x27\xfd\x58\xe3\xbd\x09\xf5\x99\x59\x02\xf3\xd7\x28\xb1\x46\xa9"
	"\x01\x41\x00\x72\xf4\x9a\xef\xf0\xd1\xa6\xa4\x03\x96\xd6\x4c\x0f"
	"\xa1\x0c\x79\x6d\x12\xd1\x44\xfc\x58\x45\x42\x36\xbb\x04\x79\x97"
	"\x38\x9f\x7d\x21\x7c\x25\xf0\x92\x9b\x23\x23\x66\x2b\x06\xb3\xb6"
	"\x03\xc2\xda\xaf\x16\xc4\x0f\x0d\x30\x06\xdf\x09\xaa\xea\xf1\x81"
	"\x8f\xa7\x68\x0d\x4e\xd2\x2a\xdb\xc6\xd8\xa4\xdb\x40\x32\xaf\x4a"
	"\x49\xd5\x34\x82\x1e\x8e\x91\x9f\xc6\xb5\x18\xf3\xae\x6a\x9e\x4c"
	"\x9a\x83\x04\x7f\xfd\xfa\xfa\xf4\xfc\xfe\x2f\x15\x5b\xe1\xcb\x09"
	"\xa9\xec\xda\x87\x14\x2d\x01\xde\x9b\x6f\x38\xcb\x48\xcb\x34\x60"
	"\x64\x4a\x47\xd9\x65\x52\x7a\x64\x34\x3a\x78\x63\xcc\xde\xc3\xb8"
	"\xdd\x27\xb0\x66\x9f\x35\x73\x53\xd9\xb2\x3a\x28\xcc\xda\xae\xe4"
	"\xb4\x41\xba\x7e\x36\x4f\x97\xbd\xa7\xd9\x43\x06\xa0\x80\x32\x27"
	"\xb3\x17\x88\x1c\x07\xfc\x01\xa3\x59\x31\xba\xdf\x92\x34\xe9\x24"
	"\xb6\x63\x3f\x13\xf7\x6b\xbc\x2a\xc3\xd1\x65\x89\xb3\x20\xe2\xdb"
	"\x81\xac\x95\x85\x86\x70\x9d\x5f\x61\x92\xfd\xd3\xfb\xd3\x97\x13"
	"\xdc\xfe\x71\x34\x7b\x63\x09\x22\xe5\x1c\x7d\x7f\xed\x0b\x51\x11"
	"\xd6\x57\x0d\xd3\x65\xed\x57\xf2\xd3\xd8\x87\x9e\x3b\xb9\x40\x83"
	"\xf1\xae\x67\xb3\x13\x48\x11\x5c\x65\x56\xee\xfd\x6d\x1d\x61\x7a"
	"\x85\x45\x92\x57\x96\x00\xb4\x2c\x9b\x54\x23\x38\x52\x62\x94\xc2"
	"\x51\x4b\xca\x13\x09\x62\x60\x6f\xaf\x33\x0e\x49\x91\x34\x1d\x81"
	"\xbc\x75\x34\xfb\xd5\xcb\x99\x58\x26\x56\x78\xda\xa6\x92\xc5\xf6"
	"\xc3\xec\xe2\x7a\xde\x76\x2f\x8d\x58\x14\xc1\x85\x05\x87\x79\x8b"
	"\x1f\x23\x21\x18\x71\x47\xfc\x60\x01\x2c\x59\xa7\x41\xd8\x6f\x71"
	"\xa6\xc2\xae\x70\x8f\x04\xab\xf6\xa3\xae\x66\x8b\x8d\xdb\x77\x77"
	"\x70\xc7\x94\x8d\x69\xbf\x36\xf9\x55\xf4\xe3\x9b\xac\xa4\x69\x18"
	"\xb9\x08\xc2\x76\x53\x96\x87\xeb\x2d\xa6\x25\xcc\x4b\x48\x4a\xb2"
	"\x8c\x61\x4c\xf5\x07\x2e\x2f\x1c\x2e\x01\x86\xe4\x19\x89\xce\x89"
	"\xda\x45\x62\x59\xe1\xc5\x30\xb5\xae\x14\x9a\x1b\x5e\x49\xee\xa0"
	"\x2c\xc6\xc1\x95\xe4\xda\x8c\x67\x70\xa7\x31\xac\xef\x92\x69\xc5"
	"\x92\x4e\xf9\x84\x6c\x31\x14\xc4\x81\xf2\x11\x4b\xa6\x34\x0d\x44"
	"\x40\xc2\x9c\xc2\x1d\x82\xb3\x2e\xf5\x3f\x36\xf3\x5d\x4b\xef\xc3"
	"\xc5\x9f\x26\x6c\x85\x28\x8a\xc5\xa8\x40\x0e\xaa\x96\x35\xc5\x01"
	"\xb9\x06\xc0\xdb\x42\x9f\xf6\xf5\x53\x6d\x74\xfa\xf5\xdb\xef\xbf"
	"\x5b\x57\x1c\xee\x24\xec\xd3\x88\xe3\x8b\xeb\x52\xbf\x25\x04\xe7"
	"\x63\x82\x6c\x40\xa7\x03\x4c\x16\xb6\x9d\x9d\x5e\xca\xa0\x71\x25"
	"\x10\x62\x09\xff\x07\xfb\x8a\x62\x50\x14\xd7\x8c\x88\x03\xfb\x40"
	"\x65\xc5\x0e\x8e\x7c\x81\x3f\x55\xaf\x22\xb4\x5b\x92\xcf\xa2\x7b"
	"\xbc\x97\xe9\x1e\x13\x94\x0c\x32\x64\x35\x5a\xfe\xbc\x55\x6b\x11"
	"\x52\x66\x15\x95\xf0\xa7\xc3\xe6\x8d\x86\xc8\xf2\x1d\x14\xb5\xbb"
	"\xec\xe1\x4a\xe0\x3e\x55\xab\x2a\x9c\xd6\x00\x66\x1f\xd3\x38\xca"
	"\xd3\xa6\xdf\x35\xda\x05\x67\x80\x09\xb0\x49\x2e\x8f\xf4\x5a\x3e"
	"\x80\xa5\x47\x28\x9d\x6b\xbc\x12\x61\x9e\x6e\x82\x52\x9a\xf0\xb4"
	"\x97\x42\x06\xd4\xc8\xc1\x81\x64\x4f\x62\x51\xd2\x16\x00\x0a\xda"
	"\x3b\x89\x5b\xd0\xb6\xac\x91\x23\x17\x93\x6c\xeb\x1e\xd2\x95\x91"
	"\xe9\x40\x6b\x23\x63\x64\x06\xcf\x1c\x52\xb0\x68\x5c\x5d\x07\xd8"
	"\xc6\x67\xdc\xab\xe1\xf8\x88\x10\x2d\x52\x94\x84\x2f\x2b\x31\xd5"
	"\x2b\xe1\xe3\x4c\x80\xa8\x33\xc2\x92\x91\xf7\x26\x9e\x47\x88\x08"
	"\xfb\xf8\xaf\x6f\x5f\xd5\xae\xb4\x79\x78\xfe\xdd\x72\xa5\x2b\x77"
	"\xab\x8a\xbc\x50\x91\x0c\x71\x30\x54\xbf\x02\xd6\x9b\x3d\x8e\x15"
	"\x55\x50\xba\xd7\xb9\xbb\xdb\xa1\x4d\x41\x4c\x3f\x79\x72\xb4\x3e"
	"\x6b\x9b\x22\xb3\x80\x28\x20\x25\xe9\x46\x72\xc6\x0f\x97\x8d\xbc"
	"\x4a\xac\xb5\x48\x9a\x4a\x8b\x71\x2b\x44\xf5\xb1\xbb\xaf\x1a\xf2"
	"\x0a\xdc\xf1\xd2\x32\x62\x34\x68\x38\x7b\x53\xea\xe5\x8a\xfc\x50"
	"\x5d\x5a\x0a\x26\xc3\xb3\x52\x76\x8f\x22\xae\x26\x13\x19\x16\x9d"
	"\xdb\x0b\xa8\x45\x37\xc8\x1a\xd7\xa9\xc3\xb0\xa3\x7a\x15\xfe\x17"
	"\x71\x96\x5b\x73\x82\xfb\x95\x7a\x14\xf9\x7d\xf4\x22\x39\xfa\xf1"
	"\xed\xeb\xd3\x33\xbd\x9b\xbe\xfd\x7d\xf4\xe5\xdb\xfb\xe9\xcf\x13"
	"\xfe\x38\xbd\x3f\xfe\xe3\x1f\xff\xf8\x1b\xf0\xf5\x18\xa3\x5e\x56"
	"\x22\x5b\xf3\xd9\x70\x9f\xd3\x45\x43\x36\x02\x46\x5d\xb8\xa6\x68"
	"\x9f\x64\x39\x98\x0c\x5b\x4c\x83\x1a\xef\x84\x2a\xa6\xe9\xf2\xb2"
	"\xc7\x7d\x28\xb6\x26\xa9\x21\xa1\xc7\xab\xce\x6c\x3f\x40\xe7\x3c"
	"\x91\x3b\xa4\x75\xa2\x9a\xa0\x39\xd8\xdd\x75\x6d\x0d\x3b\x15\x16"
	"\x77\x25\x7c\xb6\x06\xaa\xe3\xa6\x9d\xdb\x41\xe0\x9a\x4d\xe7\x4b"
	"\x4e\xf8\x77\x86\x16\xc9\x98\x74\xde\xcd\x19\xdc\x5d\x37\xd7\x0a"
	"\xbf\x1f\xb2\xdc\xf2\xef\x15\x6d\x43\xfd\xda\x15\x1e\x7b\xbc\x72"
	"\xc8\x2e\xa5\x93\x16\x1f\xc4\xf6\x5b\x7a\xe6\xc1\xa4\x51\x8a\x83"
	"\x01\xe6\x6f\xd4\x9e\x24\x31\xfa\x7b\x0e\xa6\x11\x54\x6f\xcb\x9d"
	"\x54\xbe\xa9\x9e\xb5\x20\x9d\x4e\x20\x05\xa0\xa4\xdb\x01\x43\x5a"
	"\x67\x30\x3c\xbe\x36\xaa\x66\xf6\x34\x87\x8e\xcc\x2d\x69\x85\x03"
	"\x4d\x33\xcc\x4a\x29\x19\xa6\x85\xc5\xb3\xaa\x40\x56\x38\x33\xa9"
	"\xf8\x8b\x6e\x37\x00\x9c\xca\xcf\xdf\x41\x84\xe1\xeb\x45\x41\x84"
	"\x2e\xc0\xe8\x27\x9c\x8b\x9b\x15\x6d\x62\x56\x3a\xae\x24\x80\x99"
	"\x33\xe5\xdd\x64\x24\xec\x1a\x46\x40\x5c\x01\x6d\x0b\x4e\xf1\x11"
	"\x34\xbe\x25\x2f\x20\xdf\xf2\xa6\x5a\x8f\xf5\x59\x9d\xf8\x8a\xde"
	"\x59\xcf\xd4\xa4\x30\xf1\x78\x8a\xd5\x02\xe7\x2d\xd0\x3c\xb8\xfb"
	"\x8c\x1a\xb3\x81\xb5\x6a\x8a\x03\x31\x2d\x09\x1c\xaa\x86\x82\x74"
	"\x39\x59\x6c\x3a\xa7\x8e\x8b\x02\x01\x41\xce\xc4\x6a\xf8\x8e\x78"
	"\x0e\xa4\xd4\xda\x86\xf7\xd5\xce\x7a\x2b\xd1\xc2\xde\xee\x72\xb5"
	"\x8b\xd2\x41\x5f\x8e\xde\xd5\x7e\xab\x0e\xe1\x3c\x53\xbc\xd0\x35"
	"\x4c\x34\x36\x6e\x0a\xcd\x1d\x73\xd5\xcc\x35\x8b\xbc\xda\xba\x33"
	"\x8e\xe1\x84\x7b\x1c\xe9\x1f\x3a\x1c\xe0\x1c\x8d\x9c\x17\x18\x01"
	"\xd4\x9b\x7c\x60\x17\x27\x11\x3e\xaa\xc0\x2f\x81\x0b\x2a\x2a\x6d"
	"\x71\x45\x3b\xa4\x9e\x69\x3f\xf2\x3d\x1f\x49\x5d\x57\xf2\xad\x82"
	"\x7d\x8a\xb9\x06\xac\x42\x2d\x2e\x38\x25\x3d\x15\x0e\x40\x09\xae"
	"\x1f\xbd\xe6\x51\x66\x55\xdc\xe1\x69\x77\x40\x19\x33\x20\xd4\x2b"
	"\x8e\x1d\x78\x4f\xb7\x99\x38\xb2\x6a\x68\x74\x47\xcc\xaa\x90\xae"
	"\x46\xac\xb5\xd7\x78\xcb\x92\x91\xa2\xa9\xae\xd3\x43\xce\xc1\xa4"
	"\xf7\x45\x52\xd5\x70\x53\xad\xb9\x6c\x28\x01\x8c\xd3\x0d\x52\x3b"
	"\x93\xa4\xdd\xca\x1e\x4d\x68\x08\x45\xed\xec\x03\x34\x36\x77\x18"
	"\x8a\x43\x14\x54\x1b\xe9\x02\x45\x1d\xef\xe6\x55\xd1\xaf\xcb\x2d"
	"\xce\xb6\x98\x54\xb2\xd5\x5a\xd6\x4b\x2c\xdc\xe8\x34\xec\xd1\xfc"
	"\x78\xd4\x35\x46\x6d\xbe\x07\x5b\xcc\x34\x4c\x8d\x08\xa6\xd3\x54"
	"\xc0\xb3\x0b\xf3\x6e\x31\xc4\x34\x4c\x37\x69\xea\x43\x43\xa9\xb0"
	"\x1c\x1c\xed\x51\xe7\x12\x39\x49\x0f\x58\x50\xc5\x18\x5e\xe6\x8d"
	"\x47\x42\xdb\xcd\x1d\x4c\xd3\x45\x8d\x68\x28\xe1\x34\x4e\xa0\x5d"
	"\xfb\x3c\x83\x87\xc7\x3f\x12\x71\xb2\x86\x21\xe4\x80\x00\x79\x3a"
	"\xd5\x4b\xac\x0b\x78\x05\x2f\xdc\x67\x54\x31\x61\xfe\x1b\x98\x90"
	"\xd7\x30\x87\x62\x48\xb2\x76\xca\xdf\x16\xee\x6a\x48\x0d\x41\x09"
	"\x48\x43\x4b\xbd\xe9\x10\x2e\x61\xd1\x11\x42\x49\x97\x93\x1b\xca"
	"\x49\xc9\x3a\x5c\xec\x97\xbd\x15\x5f\x8f\x96\x02\xb9\x76\x71\xc4"
	"\x64\x2e\x88\x8c\xb6\x17\x30\x02\x4d\x6f\x22\x4f\xb8\x4b\x7e\xc1"
	"\xe4\x97\x3a\x24\xcc\xb1\x06\xa2\x29\xcc\x28\x5e\x28\xf9\x58\xa8"
	"\x36\xd2\xd1\xc7\x2f\x87\x02\x11\x8b\x90\xd2\xd6\xdb\xe7\xac\x9a"
	"\x23\x29\x0d\xa3\xe1\x56\x48\x3b\x91\x97\x8c\x3a\xb2\x51\x04\x43"
	"\xc7\xd9\xc9\x6e\xd2\x26\x3e\x52\x62\x71\xd9\x1b\x36\x82\x56\xab"
	"\x2a\x57\x0f\xcf\x38\xe4\x07\x60\x20\x56\x76\xec\x33\x9b\x90\x7a"
	"\xe3\xf4\x57\xa4\x34\xba\x83\xf0\x55\x12\xa7\x96\x39\x83\x5d\xc3"
	"\xbe\x13\x89\xc1\x86\x52\x9c\x97\x15\x0e\xcd\xfe\x1a\x0a\x52\x91"
	"\x42\x9b\x6e\x0f\x4e\x9b\x0a\xa1\xf8\x29\x20\xc8\xae\x1f\x98\xde"
	"\xb8\x55\x78\x3c\xb4\xd8\x0c\xc4\x1b\x2d\x86\x51\xb0\xc8\x38\x89"
	"\xaf\xf0\x28\x4a\x6f\x80\x67\xa6\x36\xd3\x80\x12\x33\xc3\xf9\xd8"
	"\x9a\x7d\x76\x03\x69\xc9\xae\xdc\xe7\x19\xc5\x68\x4f\x11\xdd\x29"
	"\x8f\x95\x18\x07\x3a\x3c\x79\x0f\x0d\x16\xa8\x98\x9d\x6d\xe1\x2a"
	"\xa0\x1a\xf1\xaa\x45\x18\x81\x57\x72\x2f\x0a\x8a\x13\x96\x93\x3e"
	"\xce\x8a\x74\xd6\x64\x35\x15\x0e\x2a\xc5\xde\x1f\x4b\xcd\xdc\x8e"
	"\xbf\x07\xb9\x0c\x10\xd9\xda\xde\x77\xf4\xaa\x24\x34\x31\x50\x3e"
	"\xcb\xf5\xec\x06\xbf\x25\x93\xba\x80\x51\x97\xec\x97\xd0\x8d\x20"
	"\xb4\x28\x34\x44\xc9\x47\x3c\xa5\xb1\x09\xba\x11\x36\x43\x87\x8a"
	"\x63\x27\x83\x24\xe0\x2b\xcc\x4f\x52\x77\xb1\x38\x94\xc1\x6d\x07"
	"\x8b\x43\x5e\xd1\xcc\xc7\x0b\x01\x47\x60\x30\x84\x2d\x20\xaf\xb5"
	"\xb6\xdb\x9c\x41\xcc\xf1\xf4\x03\x67\x36\xb0\x4d\x27\xac\xc4\xf3"
	"\xb6\xa4\xc8\xa9\x1b\x18\x35\x83\x4f\x63\x38\xa2\x20\xb4\x8f\xe4"
	"\xde\x50\xd5\xa7\x76\xcb\x6e\x48\x4b\x46\x81\x38\x00\x0e\xdc\x58"
	"\xa9\x5b\xa4\x38\x75\x45\x70\xf8\xc2\xfb\x7e\xa7\xff\x8d\x68\xa9"
	"\xdd\xb4\xa2\x21\x74\xd4\x12\xba\x75\x38\x5b\xc5\xb8\x1d\x20\x2e"
	"\x6c\x20\x73\xcb\x93\x48\x60\xb8\xb2\x11\x2f\x52\xe6\x13\xae\x6b"
	"\xdb\x1b\xc8\x94\x32\xb8\xd3\x5f\xed\x86\x6f\xa3\x18\x8c\xba\xca"
	"\x2c\xad\x56\x8b\x06\x9b\x1b\x4b\xf7\x6c\x64\xd0\xa2\x50\x15\x75"
	"\x95\x27\xdf\x85\x17\x57\xcb\x83\x27\xea\xbf\xa0\xa8\x42\x6c\xc6"
	"\x55\x36\x73\xc9\xb8\x45\x6c\x0e\xfd\x45\x8c\x37\x17\xb0\xca\xb1"
	"\x71\xb4\x20\x5b\xac\x4e\x88\xcf\x16\x40\x1b\x94\x6f\xa7\x16\x58"
	"\x95\x88\xc9\x6c\x7d\xc6\xc0\x87\x62\x46\xfb\x6b\xb8\x84\xbc\x2b"
	"\x9d\xdd\x53\xe5\x91\x78\x34\x6e\x49\xe2\xbb\xed\x81\xd0\xf4\x31"
	"\xc4\x1b\x51\x16\x74\x15\xbb\x49\x3d\x01\xc9\x91\xd9\x6b\x72\x58"
	"\x8a\x53\x7e\x5b\xc1\xe6\x8e\xcf\x2d\x2e\x56\x31\xcf\x32\xf1\x3a"
	"\xda\x96\x41\x08\x30\x64\xb4\xaf\xd1\x19\xae\x62\x2d\xb4\xc3\x5e"
	"\xab\x5b\x6d\x49\x55\x6b\x2b\xf2\x6e\x0b\xe0\xd8\x72\x74\x73\x6c"
	"\x84\x29\x1b\xf7\xff\x02\xce\x51\x3d\xea\xe9\x7e\x02\x00"
MAGIC_END;
